group,measure,n,p10,p50,p90,mean
baroque,last_beat_v,169,0.3047,0.4675,0.6721,0.4759
baroque,last_bar_v,169,0.5168,0.7235,0.8725,0.7059
baroque,rit_beats,169,2.0,3.0,6.2,3.6982
baroque,rit_bars,169,0.5,1.0,2.0,1.1958
baroque,fs_q,117,1.0,2.0,3.0,1.9145
baroque,fs_w,117,0.2,0.27,0.44,0.2979
baroque,phrase_end_ioi,169,0.9888,1.0056,1.0445,1.0148
baroque,vel_down,169,-0.5322,-0.0657,0.2286,-0.1232
baroque,vel_beat,169,-0.2291,0.0475,0.2768,0.0321
baroque,vel_off,169,-0.1384,-0.001,0.1338,-0.0011
baroque,vel_std,169,9.3594,11.34,14.0266,11.4883
baroque,high_loud_r,169,0.2865,0.4502,0.5863,0.4377
baroque,last2_vel,169,-9.7114,5.1222,12.5202,2.8769
baroque,last_note_vel,169,-27.4827,-2.3646,17.1076,-4.2593
baroque,climax_at,169,0.3278,0.7537,0.9221,0.6815
baroque,fs_q_mode,117,,1,,
baroque,tempo_arch_1of8,169,,,,0.9966
baroque,tempo_arch_2of8,169,,,,0.9961
baroque,tempo_arch_3of8,169,,,,1.0019
baroque,tempo_arch_4of8,169,,,,0.9965
baroque,tempo_arch_5of8,169,,,,1.0013
baroque,tempo_arch_6of8,169,,,,0.9979
baroque,tempo_arch_7of8,169,,,,0.9969
baroque,tempo_arch_8of8,169,,,,0.9889
baroque,vel_arch_1of8,169,,,,-0.0526
baroque,vel_arch_2of8,169,,,,-0.0448
baroque,vel_arch_3of8,169,,,,-0.0273
baroque,vel_arch_4of8,169,,,,-0.0047
baroque,vel_arch_5of8,169,,,,0.0251
baroque,vel_arch_6of8,169,,,,0.0599
baroque,vel_arch_7of8,169,,,,0.0236
baroque,vel_arch_8of8,169,,,,0.0197
classical,last_beat_v,319,0.3572,0.6874,0.9269,0.6727
classical,last_bar_v,319,0.4997,0.8001,0.9602,0.7626
classical,rit_beats,319,1.0,3.0,14.0,5.6897
classical,rit_bars,319,0.25,1.0,4.3667,1.9882
classical,fs_q,174,1.0,1.0,3.0,1.5
classical,fs_w,174,0.2,0.445,0.74,0.4592
classical,phrase_end_ioi,319,0.9863,1.0251,1.0867,1.0294
classical,vel_down,319,-0.2597,-0.0358,0.2222,-0.0269
classical,vel_beat,319,-0.149,0.0058,0.1308,-0.0025
classical,vel_off,319,-0.1158,0.0015,0.1079,-0.0068
classical,vel_std,319,13.9788,16.3119,19.5522,16.5634
classical,high_loud_r,319,0.283,0.3865,0.5206,0.3913
classical,last2_vel,319,-29.2101,-1.4727,28.3296,-1.5465
classical,last_note_vel,319,-42.0605,-17.2922,33.2103,-4.8807
classical,climax_at,319,0.1996,0.4903,0.9297,0.5494
classical,fs_q_mode,174,,1,,
classical,tempo_arch_1of8,319,,,,0.9928
classical,tempo_arch_2of8,319,,,,0.98
classical,tempo_arch_3of8,319,,,,0.9949
classical,tempo_arch_4of8,319,,,,0.9737
classical,tempo_arch_5of8,319,,,,0.995
classical,tempo_arch_6of8,319,,,,0.9757
classical,tempo_arch_7of8,319,,,,0.9917
classical,tempo_arch_8of8,319,,,,0.9722
classical,vel_arch_1of8,319,,,,-0.0962
classical,vel_arch_2of8,319,,,,0.0216
classical,vel_arch_3of8,319,,,,-0.0211
classical,vel_arch_4of8,319,,,,0.0498
classical,vel_arch_5of8,319,,,,-0.0287
classical,vel_arch_6of8,319,,,,0.0271
classical,vel_arch_7of8,319,,,,-0.0266
classical,vel_arch_8of8,319,,,,0.0611
romantic,last_beat_v,548,0.3541,0.6855,1.1228,0.7212
romantic,last_bar_v,548,0.5011,0.7937,1.2536,0.8481
romantic,rit_beats,548,0.0,2.0,10.0,5.3796
romantic,rit_bars,548,0.0,0.75,3.0,1.7079
romantic,fs_q,268,1.0,1.0,2.0,1.1903
romantic,fs_w,268,0.2,0.45,0.68,0.4393
romantic,phrase_end_ioi,548,0.9558,1.0578,1.2043,1.077
romantic,vel_down,548,-0.1393,0.1341,0.4559,0.166
romantic,vel_beat,548,-0.1107,0.1124,0.3257,0.1098
romantic,vel_off,548,-0.1917,-0.0589,0.0631,-0.0588
romantic,vel_std,548,12.9059,16.9062,20.5813,16.8493
romantic,high_loud_r,548,0.1807,0.3524,0.5183,0.3533
romantic,last2_vel,548,-21.0793,1.4027,25.8594,0.9668
romantic,last_note_vel,548,-39.037,-2.3387,35.7922,0.1922
romantic,climax_at,548,0.2008,0.6152,0.9466,0.611
romantic,fs_q_mode,268,,1,,
romantic,tempo_arch_1of8,548,,,,1.0205
romantic,tempo_arch_2of8,548,,,,1.0302
romantic,tempo_arch_3of8,548,,,,1.0353
romantic,tempo_arch_4of8,548,,,,1.0103
romantic,tempo_arch_5of8,548,,,,1.0251
romantic,tempo_arch_6of8,548,,,,1.0263
romantic,tempo_arch_7of8,548,,,,1.024
romantic,tempo_arch_8of8,548,,,,0.9937
romantic,vel_arch_1of8,548,,,,-0.0455
romantic,vel_arch_2of8,548,,,,0.0401
romantic,vel_arch_3of8,548,,,,-0.0293
romantic,vel_arch_4of8,548,,,,0.0047
romantic,vel_arch_5of8,548,,,,-0.0372
romantic,vel_arch_6of8,548,,,,0.0297
romantic,vel_arch_7of8,548,,,,-0.0291
romantic,vel_arch_8of8,548,,,,0.0463
dance,last_beat_v,15,0.5877,0.7851,1.004,0.7843
dance,last_bar_v,15,0.5877,0.7851,1.0683,0.8483
dance,rit_beats,15,0.0,6.0,7.0,4.3333
dance,rit_bars,15,0.0,2.0,2.3333,1.4444
dance,fs_q,11,1.0,1.0,1.0,1.0
dance,fs_w,11,0.45,0.6,0.81,0.6118
dance,phrase_end_ioi,15,1.059,1.1021,1.1649,1.1039
dance,vel_down,15,0.2371,0.3479,0.405,0.3357
dance,vel_beat,15,-0.1119,-0.0753,0.0444,-0.0512
dance,vel_off,15,-0.1563,-0.1078,-0.0722,-0.1111
dance,vel_std,15,19.1986,19.6271,21.1662,19.8751
dance,high_loud_r,15,0.2893,0.3209,0.3717,0.3265
dance,last2_vel,15,-14.5973,-3.4793,21.6962,0.1279
dance,last_note_vel,15,-52.1595,-27.6487,13.371,-24.0721
dance,climax_at,15,0.0625,0.7173,0.9391,0.4763
dance,fs_q_mode,11,,1,,
dance,tempo_arch_1of8,15,,,,1.0674
dance,tempo_arch_2of8,15,,,,1.0628
dance,tempo_arch_3of8,15,,,,1.1319
dance,tempo_arch_4of8,15,,,,1.073
dance,tempo_arch_5of8,15,,,,1.078
dance,tempo_arch_6of8,15,,,,1.009
dance,tempo_arch_7of8,15,,,,1.067
dance,tempo_arch_8of8,15,,,,1.0094
dance,vel_arch_1of8,15,,,,-0.0615
dance,vel_arch_2of8,15,,,,0.0509
dance,vel_arch_3of8,15,,,,-0.0091
dance,vel_arch_4of8,15,,,,0.0301
dance,vel_arch_5of8,15,,,,-0.0219
dance,vel_arch_6of8,15,,,,0.0091
dance,vel_arch_7of8,15,,,,-0.061
dance,vel_arch_8of8,15,,,,0.0528
all,last_beat_v,1036,0.3367,0.6408,0.9813,0.6662
all,last_bar_v,1036,0.501,0.7825,1.0618,0.7986
all,rit_beats,1036,0.0,3.0,10.0,5.2008
all,rit_bars,1036,0.0,1.0,3.25,1.7107
all,fs_q,559,1.0,1.0,3.0,1.4383
all,fs_w,559,0.2,0.4,0.68,0.4159
all,phrase_end_ioi,1036,0.9745,1.0302,1.1595,1.0522
all,vel_down,1036,-0.2431,0.0311,0.392,0.0594
all,vel_beat,1036,-0.1392,0.0584,0.2827,0.0625
all,vel_off,1036,-0.1722,-0.028,0.1049,-0.0334
all,vel_std,1036,11.4202,15.919,19.9275,15.8867
all,high_loud_r,1036,0.2221,0.3775,0.5408,0.3788
all,last2_vel,1036,-23.2335,1.9304,25.2042,0.5045
all,last_note_vel,1036,-39.1995,-6.6848,33.4096,-2.096
all,climax_at,1036,0.21,0.6134,0.9344,0.6035
all,fs_q_mode,559,,1,,
all,tempo_arch_1of8,1036,,,,1.0081
all,tempo_arch_2of8,1036,,,,1.0092
all,tempo_arch_3of8,1036,,,,1.0174
all,tempo_arch_4of8,1036,,,,0.9968
all,tempo_arch_5of8,1036,,,,1.012
all,tempo_arch_6of8,1036,,,,1.0061
all,tempo_arch_7of8,1036,,,,1.0096
all,tempo_arch_8of8,1036,,,,0.9863
all,vel_arch_1of8,1036,,,,-0.0623
all,vel_arch_2of8,1036,,,,0.0205
all,vel_arch_3of8,1036,,,,-0.0264
all,vel_arch_4of8,1036,,,,0.017
all,vel_arch_5of8,1036,,,,-0.0244
all,vel_arch_6of8,1036,,,,0.0338
all,vel_arch_7of8,1036,,,,-0.0197
all,vel_arch_8of8,1036,,,,0.0465
