compasso,figura_A_codigo,figura_A,figura_B_codigo,figura_B,melodias_com_A,melodias_com_B,melodias_com_ambas,melodias,P_B_dado_A,lift
2/4,__x_,(lig.) ♪ ♪,__..,(lig.) ♪ pausa ♪,686,76,50,2689,0.0729,2.5788
2/4,__..,(lig.) ♪ pausa ♪,__x_,(lig.) ♪ ♪,76,686,50,2689,0.6579,2.5788
2/4,__..,(lig.) ♪ pausa ♪,____,(lig.) ♩,76,746,52,2689,0.6842,2.4663
2/4,____,(lig.) ♩,__..,(lig.) ♪ pausa ♪,746,76,52,2689,0.0697,2.4663
2/4,xx_x,sc ♪ sc,xxx_,sc sc ♪,66,637,37,2689,0.5606,2.3665
2/4,xxx_,sc sc ♪,xx_x,sc ♪ sc,637,66,37,2689,0.0581,2.3665
2/4,__x_,(lig.) ♪ ♪,____,(lig.) ♩,686,746,403,2689,0.5875,2.1175
2/4,____,(lig.) ♩,__x_,(lig.) ♪ ♪,746,686,403,2689,0.5402,2.1175
2/4,__..,(lig.) ♪ pausa ♪,x_..,♪ pausa ♪,76,347,20,2689,0.2632,2.0393
2/4,x_..,♪ pausa ♪,__..,(lig.) ♪ pausa ♪,347,76,20,2689,0.0576,2.0393
2/4,__xx,(lig.) ♪ sc sc,____,(lig.) ♩,205,746,114,2689,0.5561,2.0045
2/4,____,(lig.) ♩,__xx,(lig.) ♪ sc sc,746,205,114,2689,0.1528,2.0045
2/4,__..,(lig.) ♪ pausa ♪,xxx_,sc sc ♪,76,637,36,2689,0.4737,1.9996
2/4,xxx_,sc sc ♪,__..,(lig.) ♪ pausa ♪,637,76,36,2689,0.0565,1.9996
2/4,xxx_,sc sc ♪,__xx,(lig.) ♪ sc sc,637,205,96,2689,0.1507,1.9768
2/4,__xx,(lig.) ♪ sc sc,xxx_,sc sc ♪,205,637,96,2689,0.4683,1.9768
2/4,__xx,(lig.) ♪ sc sc,__x_,(lig.) ♪ ♪,205,686,100,2689,0.4878,1.9121
2/4,__x_,(lig.) ♪ ♪,__xx,(lig.) ♪ sc sc,686,205,100,2689,0.1458,1.9121
2/4,xxxx,sc sc sc sc,xx_x,sc ♪ sc,1057,66,49,2689,0.0464,1.8887
2/4,xx_x,sc ♪ sc,xxxx,sc sc sc sc,66,1057,49,2689,0.7424,1.8887
2/4,..xx,pausa ♪ sc sc,xxxx,sc sc sc sc,381,1057,271,2689,0.7113,1.8095
2/4,xxxx,sc sc sc sc,..xx,pausa ♪ sc sc,1057,381,271,2689,0.2564,1.8095
2/4,xx__,sc ♪.,____,(lig.) ♩,43,746,21,2689,0.4884,1.7604
2/4,____,(lig.) ♩,xx__,sc ♪.,746,43,21,2689,0.0282,1.7604
2/4,____,(lig.) ♩,xx_x,sc ♪ sc,746,66,32,2689,0.0429,1.7477
2/4,xx_x,sc ♪ sc,____,(lig.) ♩,66,746,32,2689,0.4848,1.7477
2/4,x_xx,♪ sc sc,xx_x,sc ♪ sc,1476,66,60,2689,0.0407,1.6562
2/4,xx_x,sc ♪ sc,x_xx,♪ sc sc,66,1476,60,2689,0.9091,1.6562
2/4,__x_,(lig.) ♪ ♪,....,pausa ♩,686,334,141,2689,0.2055,1.6548
2/4,....,pausa ♩,__x_,(lig.) ♪ ♪,334,686,141,2689,0.4222,1.6548
2/4,x__x,♪. sc,xx__,sc ♪.,1217,43,32,2689,0.0263,1.6443
2/4,xx__,sc ♪.,x__x,♪. sc,43,1217,32,2689,0.7442,1.6443
2/4,x__x,♪. sc,x_.x,♪ pausa sc sc,1217,65,48,2689,0.0394,1.6317
2/4,x_.x,♪ pausa sc sc,x__x,♪. sc,65,1217,48,2689,0.7385,1.6317
2/4,..xx,pausa ♪ sc sc,__xx,(lig.) ♪ sc sc,381,205,47,2689,0.1234,1.6181
2/4,__xx,(lig.) ♪ sc sc,..xx,pausa ♪ sc sc,205,381,47,2689,0.2293,1.6181
2/4,x__x,♪. sc,xx_x,sc ♪ sc,1217,66,48,2689,0.0394,1.6069
2/4,xx_x,sc ♪ sc,x__x,♪. sc,66,1217,48,2689,0.7273,1.6069
2/4,..xx,pausa ♪ sc sc,x_xx,♪ sc sc,381,1476,330,2689,0.8661,1.578
2/4,x_xx,♪ sc sc,..xx,pausa ♪ sc sc,1476,381,330,2689,0.2236,1.578
2/4,xxxx,sc sc sc sc,__xx,(lig.) ♪ sc sc,1057,205,125,2689,0.1183,1.5512
2/4,__xx,(lig.) ♪ sc sc,xxxx,sc sc sc sc,205,1057,125,2689,0.6098,1.5512
2/4,xxx_,sc sc ♪,____,(lig.) ♩,637,746,273,2689,0.4286,1.5448
2/4,____,(lig.) ♩,xxx_,sc sc ♪,746,637,273,2689,0.366,1.5448
2/4,..xx,pausa ♪ sc sc,__x_,(lig.) ♪ ♪,381,686,46,2689,0.1207,0.4733
2/4,__x_,(lig.) ♪ ♪,..xx,pausa ♪ sc sc,686,381,46,2689,0.0671,0.4733
2/4,..x_,pausa ♪ ♪,xx_x,sc ♪ sc,1150,66,13,2689,0.0113,0.4606
2/4,xx_x,sc ♪ sc,..x_,pausa ♪ ♪,66,1150,13,2689,0.197,0.4606
2/4,xxxx,sc sc sc sc,....,pausa ♩,1057,334,57,2689,0.0539,0.4342
2/4,....,pausa ♩,xxxx,sc sc sc sc,334,1057,57,2689,0.1707,0.4342
2/4,..x_,pausa ♪ ♪,____,(lig.) ♩,1150,746,110,2689,0.0957,0.3448
2/4,____,(lig.) ♩,..x_,pausa ♪ ♪,746,1150,110,2689,0.1475,0.3448
2/4,..xx,pausa ♪ sc sc,____,(lig.) ♩,381,746,34,2689,0.0892,0.3217
2/4,____,(lig.) ♩,..xx,pausa ♪ sc sc,746,381,34,2689,0.0456,0.3217
3/4,x_xx,♪ sc sc,xxxx,sc sc sc sc,183,97,43,1514,0.235,3.6675
3/4,xxxx,sc sc sc sc,x_xx,♪ sc sc,97,183,43,1514,0.4433,3.6675
3/4,__xx,(lig.) ♪ sc sc,x_xx,♪ sc sc,58,183,24,1514,0.4138,3.4234
3/4,x_xx,♪ sc sc,__xx,(lig.) ♪ sc sc,183,58,24,1514,0.1311,3.4234
3/4,x_xx,♪ sc sc,xxx_,sc sc ♪,183,69,24,1514,0.1311,2.8776
3/4,xxx_,sc sc ♪,x_xx,♪ sc sc,69,183,24,1514,0.3478,2.8776
3/4,..x_,pausa ♪ ♪,..xx,pausa ♪ sc sc,423,33,22,1514,0.052,2.3861
3/4,..xx,pausa ♪ sc sc,..x_,pausa ♪ ♪,33,423,22,1514,0.6667,2.3861
3/4,x_..,♪ pausa ♪,x__x,♪. sc,40,438,25,1514,0.625,2.1604
3/4,x__x,♪. sc,x_..,♪ pausa ♪,438,40,25,1514,0.0571,2.1604
3/4,x__x,♪. sc,__xx,(lig.) ♪ sc sc,438,58,35,1514,0.0799,2.0859
3/4,__xx,(lig.) ♪ sc sc,x__x,♪. sc,58,438,35,1514,0.6034,2.0859
3/4,..x_,pausa ♪ ♪,__xx,(lig.) ♪ sc sc,423,58,33,1514,0.078,2.0364
3/4,__xx,(lig.) ♪ sc sc,..x_,pausa ♪ ♪,58,423,33,1514,0.569,2.0364
3/4,..x_,pausa ♪ ♪,x_xx,♪ sc sc,423,183,99,1514,0.234,1.9363
3/4,x_xx,♪ sc sc,..x_,pausa ♪ ♪,183,423,99,1514,0.541,1.9363
3/4,..x_,pausa ♪ ♪,xxx_,sc sc ♪,423,69,35,1514,0.0827,1.8155
3/4,xxx_,sc sc ♪,..x_,pausa ♪ ♪,69,423,35,1514,0.5072,1.8155
3/4,..x_,pausa ♪ ♪,xxxx,sc sc sc sc,423,97,49,1514,0.1158,1.808
3/4,xxxx,sc sc sc sc,..x_,pausa ♪ ♪,97,423,49,1514,0.5052,1.808
3/4,x__x,♪. sc,xxxx,sc sc sc sc,438,97,49,1514,0.1119,1.7461
3/4,xxxx,sc sc sc sc,x__x,♪. sc,97,438,49,1514,0.5052,1.7461
3/4,x__x,♪. sc,x_xx,♪ sc sc,438,183,90,1514,0.2055,1.7
3/4,x_xx,♪ sc sc,x__x,♪. sc,183,438,90,1514,0.4918,1.7
3/4,__x_,(lig.) ♪ ♪,__xx,(lig.) ♪ sc sc,852,58,50,1514,0.0587,1.5319
3/4,__xx,(lig.) ♪ sc sc,__x_,(lig.) ♪ ♪,58,852,50,1514,0.8621,1.5319
3/4,..xx,pausa ♪ sc sc,____,(lig.) ♩,33,964,9,1514,0.2727,0.4283
3/4,____,(lig.) ♩,..xx,pausa ♪ sc sc,964,33,9,1514,0.0093,0.4283
3/4,..x_,pausa ♪ ♪,____,(lig.) ♩,423,964,111,1514,0.2624,0.4121
3/4,____,(lig.) ♩,..x_,pausa ♪ ♪,964,423,111,1514,0.1151,0.4121
3/8,....xx,pausa ♩ sc sc,x___xx,♩ sc sc,39,93,25,333,0.641,2.2953
3/8,x___xx,♩ sc sc,....xx,pausa ♩ sc sc,93,39,25,333,0.2688,2.2953
3/8,....x_,pausa ♩ ♪,x_..x_,♪ pausa ♪ ♪,166,22,21,333,0.1265,1.9148
3/8,x_..x_,♪ pausa ♪ ♪,....x_,pausa ♩ ♪,22,166,21,333,0.9545,1.9148
3/8,....xx,pausa ♩ sc sc,x_x_xx,♪ ♪ sc sc,39,104,20,333,0.5128,1.642
3/8,x_x_xx,♪ ♪ sc sc,....xx,pausa ♩ sc sc,104,39,20,333,0.1923,1.642
3/8,x__xxx,♪. sc sc sc,x___xx,♩ sc sc,53,93,23,333,0.434,1.5539
3/8,x___xx,♩ sc sc,x__xxx,♪. sc sc sc,93,53,23,333,0.2473,1.5539
3/8,x___xx,♩ sc sc,xxx_x_,sc sc ♪ ♪,93,59,25,333,0.2688,1.5172
3/8,xxx_x_,sc sc ♪ ♪,x___xx,♩ sc sc,59,93,25,333,0.4237,1.5172
3/8,x___xx,♩ sc sc,x_x_xx,♪ ♪ sc sc,93,104,44,333,0.4731,1.5149
3/8,x_x_xx,♪ ♪ sc sc,x___xx,♩ sc sc,104,93,44,333,0.4231,1.5149
3/8,....x_,pausa ♩ ♪,x___..,♩ pausa ♪,166,92,21,333,0.1265,0.4579
3/8,x___..,♩ pausa ♪,....x_,pausa ♩ ♪,92,166,21,333,0.2283,0.4579
3/8,....x_,pausa ♩ ♪,x_xxx_,♪ sc sc ♪,166,44,10,333,0.0602,0.4559
3/8,x_xxx_,♪ sc sc ♪,....x_,pausa ♩ ♪,44,166,10,333,0.2273,0.4559
3/8,x___x_,♩ ♪,x_xxx_,♪ sc sc ♪,216,44,11,333,0.0509,0.3854
3/8,x_xxx_,♪ sc sc ♪,x___x_,♩ ♪,44,216,11,333,0.25,0.3854
4/4,..xx,pausa ♪ sc sc,x_xx,♪ sc sc,60,328,40,3038,0.6667,6.1748
4/4,x_xx,♪ sc sc,..xx,pausa ♪ sc sc,328,60,40,3038,0.122,6.1748
4/4,_xx_,(lig.) sc sc ♪,xxx_,sc sc ♪,49,249,24,3038,0.4898,5.9759
4/4,xxx_,sc sc ♪,_xx_,(lig.) sc sc ♪,249,49,24,3038,0.0964,5.9759
4/4,xx__,sc ♪.,xxxx,sc sc sc sc,198,235,76,3038,0.3838,4.9621
4/4,xxxx,sc sc sc sc,xx__,sc ♪.,235,198,76,3038,0.3234,4.9621
4/4,_xx_,(lig.) sc sc ♪,x_xx,♪ sc sc,49,328,26,3038,0.5306,4.9146
4/4,x_xx,♪ sc sc,_xx_,(lig.) sc sc ♪,328,49,26,3038,0.0793,4.9146
4/4,xxx_,sc sc ♪,xxxx,sc sc sc sc,249,235,82,3038,0.3293,4.2573
4/4,xxxx,sc sc sc sc,xxx_,sc sc ♪,235,249,82,3038,0.3489,4.2573
4/4,xxxx,sc sc sc sc,x_xx,♪ sc sc,235,328,106,3038,0.4511,4.1778
4/4,x_xx,♪ sc sc,xxxx,sc sc sc sc,328,235,106,3038,0.3232,4.1778
4/4,xxxx,sc sc sc sc,__xx,(lig.) ♪ sc sc,235,126,39,3038,0.166,4.0014
4/4,__xx,(lig.) ♪ sc sc,xxxx,sc sc sc sc,126,235,39,3038,0.3095,4.0014
4/4,xx__,sc ♪.,xxx_,sc sc ♪,198,249,63,3038,0.3182,3.8821
4/4,xxx_,sc sc ♪,xx__,sc ♪.,249,198,63,3038,0.253,3.8821
4/4,xxx_,sc sc ♪,x_xx,♪ sc sc,249,328,94,3038,0.3775,3.4966
4/4,x_xx,♪ sc sc,xxx_,sc sc ♪,328,249,94,3038,0.2866,3.4966
4/4,x_xx,♪ sc sc,__xx,(lig.) ♪ sc sc,328,126,45,3038,0.1372,3.3079
4/4,__xx,(lig.) ♪ sc sc,x_xx,♪ sc sc,126,328,45,3038,0.3571,3.3079
4/4,xx__,sc ♪.,x__x,♪. sc,198,873,183,3038,0.9242,3.2163
4/4,x__x,♪. sc,xx__,sc ♪.,873,198,183,3038,0.2096,3.2163
4/4,xx__,sc ♪.,x_xx,♪ sc sc,198,328,63,3038,0.3182,2.9471
4/4,x_xx,♪ sc sc,xx__,sc ♪.,328,198,63,3038,0.1921,2.9471
4/4,__xx,(lig.) ♪ sc sc,xxx_,sc sc ♪,126,249,27,3038,0.2143,2.6145
4/4,xxx_,sc sc ♪,__xx,(lig.) ♪ sc sc,249,126,27,3038,0.1084,2.6145
4/4,x__x,♪. sc,xxxx,sc sc sc sc,873,235,172,3038,0.197,2.547
4/4,xxxx,sc sc sc sc,x__x,♪. sc,235,873,172,3038,0.7319,2.547
4/4,..x_,pausa ♪ ♪,xx__,sc ♪.,726,198,116,3038,0.1598,2.4516
4/4,xx__,sc ♪.,..x_,pausa ♪ ♪,198,726,116,3038,0.5859,2.4516
4/4,x__x,♪. sc,_xx_,(lig.) sc sc ♪,873,49,33,3038,0.0378,2.3436
4/4,_xx_,(lig.) sc sc ♪,x__x,♪. sc,49,873,33,3038,0.6735,2.3436
4/4,..x_,pausa ♪ ♪,xxx_,sc sc ♪,726,249,136,3038,0.1873,2.2855
4/4,xxx_,sc sc ♪,..x_,pausa ♪ ♪,249,726,136,3038,0.5462,2.2855
4/4,x__x,♪. sc,xxx_,sc sc ♪,873,249,158,3038,0.181,2.2082
4/4,xxx_,sc sc ♪,x__x,♪. sc,249,873,158,3038,0.6345,2.2082
4/4,..xx,pausa ♪ sc sc,x__x,♪. sc,60,873,38,3038,0.6333,2.204
4/4,x__x,♪. sc,..xx,pausa ♪ sc sc,873,60,38,3038,0.0435,2.204
4/4,x__x,♪. sc,__xx,(lig.) ♪ sc sc,873,126,78,3038,0.0893,2.1543
4/4,__xx,(lig.) ♪ sc sc,x__x,♪. sc,126,873,78,3038,0.619,2.1543
4/4,..x_,pausa ♪ ♪,_xx_,(lig.) sc sc ♪,726,49,25,3038,0.0344,2.135
4/4,_xx_,(lig.) sc sc ♪,..x_,pausa ♪ ♪,49,726,25,3038,0.5102,2.135
4/4,..x_,pausa ♪ ♪,xxxx,sc sc sc sc,726,235,117,3038,0.1612,2.0834
4/4,xxxx,sc sc sc sc,..x_,pausa ♪ ♪,235,726,117,3038,0.4979,2.0834
4/4,x__x,♪. sc,x_xx,♪ sc sc,873,328,191,3038,0.2188,2.0264
4/4,x_xx,♪ sc sc,x__x,♪. sc,328,873,191,3038,0.5823,2.0264
4/4,..x_,pausa ♪ ♪,x__x,♪. sc,726,873,359,3038,0.4945,1.7208
4/4,x__x,♪. sc,..x_,pausa ♪ ♪,873,726,359,3038,0.4112,1.7208
4/4,..x_,pausa ♪ ♪,x_xx,♪ sc sc,726,328,130,3038,0.1791,1.6585
4/4,x_xx,♪ sc sc,..x_,pausa ♪ ♪,328,726,130,3038,0.3963,1.6585
4/4,_xx_,(lig.) sc sc ♪,__x_,(lig.) ♪ ♪,49,1603,41,3038,0.8367,1.5858
4/4,__x_,(lig.) ♪ ♪,_xx_,(lig.) sc sc ♪,1603,49,41,3038,0.0256,1.5858
4/4,..x_,pausa ♪ ♪,__xx,(lig.) ♪ sc sc,726,126,47,3038,0.0647,1.5609
4/4,__xx,(lig.) ♪ sc sc,..x_,pausa ♪ ♪,126,726,47,3038,0.373,1.5609
4/4,__x_,(lig.) ♪ ♪,__..,(lig.) ♪ pausa ♪,1603,34,28,3038,0.0175,1.5608
4/4,__..,(lig.) ♪ pausa ♪,__x_,(lig.) ♪ ♪,34,1603,28,3038,0.8235,1.5608
4/4,____,(lig.) ♩,xxxx,sc sc sc sc,1850,235,64,3038,0.0346,0.4472
4/4,xxxx,sc sc sc sc,____,(lig.) ♩,235,1850,64,3038,0.2723,0.4472
4/4,xxx_,sc sc ♪,____,(lig.) ♩,249,1850,59,3038,0.2369,0.3891
4/4,____,(lig.) ♩,xxx_,sc sc ♪,1850,249,59,3038,0.0319,0.3891
4/4,....,pausa ♩,x_xx,♪ sc sc,1289,328,54,3038,0.0419,0.388
4/4,x_xx,♪ sc sc,....,pausa ♩,328,1289,54,3038,0.1646,0.388
4/4,____,(lig.) ♩,..xx,pausa ♪ sc sc,1850,60,14,3038,0.0076,0.3832
4/4,..xx,pausa ♪ sc sc,____,(lig.) ♩,60,1850,14,3038,0.2333,0.3832
4/4,....,pausa ♩,xxxx,sc sc sc sc,1289,235,33,3038,0.0256,0.331
4/4,xxxx,sc sc sc sc,....,pausa ♩,235,1289,33,3038,0.1404,0.331
4/4,....,pausa ♩,..xx,pausa ♪ sc sc,1289,60,7,3038,0.0054,0.275
4/4,..xx,pausa ♪ sc sc,....,pausa ♩,60,1289,7,3038,0.1167,0.275
4/4,....,pausa ♩,_xx_,(lig.) sc sc ♪,1289,49,5,3038,0.0039,0.2405
4/4,_xx_,(lig.) sc sc ♪,....,pausa ♩,49,1289,5,3038,0.102,0.2405
4/4,xxx_,sc sc ♪,....,pausa ♩,249,1289,18,3038,0.0723,0.1704
4/4,....,pausa ♩,xxx_,sc sc ♪,1289,249,18,3038,0.014,0.1704
4/4,xx__,sc ♪.,____,(lig.) ♩,198,1850,20,3038,0.101,0.1659
4/4,____,(lig.) ♩,xx__,sc ♪.,1850,198,20,3038,0.0108,0.1659
4/4,....,pausa ♩,xx__,sc ♪.,1289,198,12,3038,0.0093,0.1428
4/4,xx__,sc ♪.,....,pausa ♩,198,1289,12,3038,0.0606,0.1428
6/8,____x_,(lig.) ♩ ♪,__x_x_,(lig.) ♪ ♪ ♪,127,81,29,1911,0.2283,5.3873
6/8,__x_x_,(lig.) ♪ ♪ ♪,____x_,(lig.) ♩ ♪,81,127,29,1911,0.358,5.3873
6/8,x_xxxx,♪ sc sc sc sc,xxx_x_,sc sc ♪ ♪,46,165,20,1911,0.4348,5.0356
6/8,xxx_x_,sc sc ♪ ♪,x_xxxx,♪ sc sc sc sc,165,46,20,1911,0.1212,5.0356
6/8,......,pausa ♩.,x___..,♩ pausa ♪,44,268,20,1911,0.4545,3.2412
6/8,x___..,♩ pausa ♪,......,pausa ♩.,268,44,20,1911,0.0746,3.2412
6/8,x_x_..,♪ ♪ pausa ♪,x___..,♩ pausa ♪,76,268,29,1911,0.3816,2.7209
6/8,x___..,♩ pausa ♪,x_x_..,♪ ♪ pausa ♪,268,76,29,1911,0.1082,2.7209
6/8,xxx_x_,sc sc ♪ ♪,x_x_xx,♪ ♪ sc sc,165,129,26,1911,0.1576,2.3343
6/8,x_x_xx,♪ ♪ sc sc,xxx_x_,sc sc ♪ ♪,129,165,26,1911,0.2016,2.3343
6/8,x__xxx,♪. sc sc sc,x__xx_,♪. sc ♪,98,564,59,1911,0.602,2.0399
6/8,x__xx_,♪. sc ♪,x__xxx,♪. sc sc sc,564,98,59,1911,0.1046,2.0399
6/8,x_xxxx,♪ sc sc sc sc,x___xx,♩ sc sc,46,489,24,1911,0.5217,2.0389
6/8,x___xx,♩ sc sc,x_xxxx,♪ sc sc sc sc,489,46,24,1911,0.0491,2.0389
6/8,x__xx_,♪. sc ♪,xx__x_,sc ♪. ♪,564,62,37,1911,0.0656,2.022
6/8,xx__x_,sc ♪. ♪,x__xx_,♪. sc ♪,62,564,37,1911,0.5968,2.022
6/8,....xx,pausa ♩ sc sc,x___xx,♩ sc sc,397,489,200,1911,0.5038,1.9688
6/8,x___xx,♩ sc sc,....xx,pausa ♩ sc sc,489,397,200,1911,0.409,1.9688
6/8,x___xx,♩ sc sc,x__xxx,♪. sc sc sc,489,98,49,1911,0.1002,1.954
6/8,x__xxx,♪. sc sc sc,x___xx,♩ sc sc,98,489,49,1911,0.5,1.954
6/8,....xx,pausa ♩ sc sc,x_x___,♪ ♩,397,84,31,1911,0.0781,1.7764
6/8,x_x___,♪ ♩,....xx,pausa ♩ sc sc,84,397,31,1911,0.369,1.7764
6/8,x_____,♩.,__..x_,(lig.) ♪ pausa ♪ ♪,1113,100,98,1911,0.0881,1.6826
6/8,__..x_,(lig.) ♪ pausa ♪ ♪,x_____,♩.,100,1113,98,1911,0.98,1.6826
6/8,x_x_xx,♪ ♪ sc sc,x___xx,♩ sc sc,129,489,55,1911,0.4264,1.6662
6/8,x___xx,♩ sc sc,x_x_xx,♪ ♪ sc sc,489,129,55,1911,0.1125,1.6662
6/8,x_____,♩.,____xx,(lig.) ♩ sc sc,1113,25,24,1911,0.0216,1.6483
6/8,____xx,(lig.) ♩ sc sc,x_____,♩.,25,1113,24,1911,0.96,1.6483
6/8,x_____,♩.,......,pausa ♩.,1113,44,42,1911,0.0377,1.6389
6/8,......,pausa ♩.,x_____,♩.,44,1113,42,1911,0.9545,1.6389
6/8,x_xxxx,♪ sc sc sc sc,x__xx_,♪. sc ♪,46,564,22,1911,0.4783,1.6205
6/8,x__xx_,♪. sc ♪,x_xxxx,♪ sc sc sc sc,564,46,22,1911,0.039,1.6205
6/8,....xx,pausa ♩ sc sc,x_x_..,♪ ♪ pausa ♪,397,76,25,1911,0.063,1.5834
6/8,x_x_..,♪ ♪ pausa ♪,....xx,pausa ♩ sc sc,76,397,25,1911,0.3289,1.5834
6/8,x_____,♩.,______,(lig.) ♩.,1113,25,23,1911,0.0207,1.5796
6/8,______,(lig.) ♩.,x_____,♩.,25,1113,23,1911,0.92,1.5796
6/8,x_____,♩.,____x_,(lig.) ♩ ♪,1113,127,113,1911,0.1015,1.5277
6/8,____x_,(lig.) ♩ ♪,x_____,♩.,127,1113,113,1911,0.8898,1.5277
6/8,....xx,pausa ♩ sc sc,__..x_,(lig.) ♪ pausa ♪ ♪,397,100,9,1911,0.0227,0.4332
6/8,__..x_,(lig.) ♪ pausa ♪ ♪,....xx,pausa ♩ sc sc,100,397,9,1911,0.09,0.4332
6/8,x_____,♩.,xx__x_,sc ♪. ♪,1113,62,15,1911,0.0135,0.4154
6/8,xx__x_,sc ♪. ♪,x_____,♩.,62,1113,15,1911,0.2419,0.4154
6/8,....x_,pausa ♩ ♪,....xx,pausa ♩ sc sc,1235,397,93,1911,0.0753,0.3625
6/8,....xx,pausa ♩ sc sc,....x_,pausa ♩ ♪,397,1235,93,1911,0.2343,0.3625
