compasso,motivo,melodias
2/2,"off the 16th grid (triplets, 32nds)",526
2/4,"off the 16th grid (triplets, 32nds)",376
1/4,other meter,259
?,no time signature,214
4/4,in the critic corpus,201
1/8,other meter,181
4/2,other meter,173
4/4,meter changes,161
4/4,"off the 16th grid (triplets, 32nds)",148
3/2,other meter,136
6/4,other meter,135
3/4,meter changes,100
2/4,meter changes,82
3/4,"off the 16th grid (triplets, 32nds)",75
6/8,"off the 16th grid (triplets, 32nds)",67
3/4,in the critic corpus,62
1/16,other meter,54
4/1,other meter,42
6/8,duplicate,36
6/8,in the critic corpus,36
3/1,other meter,33
2/4,duplicate,31
6/2,other meter,31
8/4,other meter,28
3/8,meter changes,27
4/4,duplicate,22
5/8,other meter,22
3/4,duplicate,19
3/4,shorter than 4 bars or 12 notes,18
6/8,meter changes,18
5/4,other meter,15
2/4,in the critic corpus,14
1/6,other meter,14
9/8,duplicate,13
7/8,other meter,12
3/8,"off the 16th grid (triplets, 32nds)",9
4/4,shorter than 4 bars or 12 notes,7
9/8,meter changes,7
2/2,duplicate,6
24/4,other meter,6
10/4,other meter,6
2/4,shorter than 4 bars or 12 notes,5
6/8,shorter than 4 bars or 12 notes,5
4/8,other meter,5
12/4,other meter,5
9/4,other meter,5
9/16,other meter,5
1/32,other meter,4
1/3,other meter,4
2/1,other meter,3
3/16,other meter,3
2/2,meter changes,2
11/8,other meter,2
15/4,other meter,2
3/8,duplicate,1
6/8,longer than 1024 sixteenths,1
4/4,longer than 1024 sixteenths,1
2/2,in the critic corpus,1
2/2,shorter than 4 bars or 12 notes,1
2/2,longer than 1024 sixteenths,1
19/8,other meter,1
3/32,other meter,1
116/4,other meter,1
9/8,"off the 16th grid (triplets, 32nds)",1
61/16,other meter,1
13/16,other meter,1
16/4,other meter,1
17/16,other meter,1
57/16,other meter,1
22/4,other meter,1
18/4,other meter,1
37/16,other meter,1
21/16,other meter,1
97/32,other meter,1
42/4,other meter,1
93/16,other meter,1
14/4,other meter,1
7/16,other meter,1
2/8,other meter,1
7/4,other meter,1
5/32,other meter,1
23/32,other meter,1
5/16,other meter,1
