familia,figura_codigo,figura,descricao,silabas_takadimi,fracao_2/4,ranking_2/4,fracao_3/4,ranking_3/4,fracao_4/4,ranking_4/4
simples,x___,♩,uma semínima no tempo,ta,0.2299,2,0.5503,1,0.4761,1
simples,x_x_,♪ ♪,duas colcheias: a divisão do tempo em dois,ta di,0.3963,1,0.2109,2,0.2905,2
simples,xxxx,sc sc sc sc,quatro semicolcheias: a subdivisão em quatro,ta ka di mi,0.1125,3,0.0037,9,0.0058,10
simples,x_xx,♪ sc sc,colcheia e duas semicolcheias,ta di mi,0.073,4,0.0063,8,0.0062,9
simples,xxx_,sc sc ♪,duas semicolcheias e colcheia,ta ka di,0.0202,9,0.0024,10,0.0054,11
simples,x__x,♪. sc,colcheia pontuada e semicolcheia (ritmo pontuado),ta mi,0.0531,5,0.0344,5,0.0583,4
simples,xx__,sc ♪.,semicolcheia e colcheia pontuada («scotch snap»),ta ka,0.0014,16,0.0007,15,0.0079,8
simples,xx_x,sc ♪ sc,"semicolcheia, colcheia, semicolcheia (síncopa dentro do tempo)",ta ka mi,0.0015,15,0,24,0.0001,22
simples,._x_,pausa sc (lig.) sc ♪,pausa de colcheia e colcheia (contratempo),(pausa) di,0,,0,,0,
simples,____,(lig.) ♩,"continuação de uma nota longa (mínima, semibreve)",(lig.),0.032,6,0.0981,3,0.0689,3
