compasso,o_que_se_preve,modelo,contexto,cadeia_de_contextos,beta,bits_por_evento,desvio_entre_dobras,perplexidade,modelo_de_referencia,diferenca_para_referencia,eventos_avaliados,melhor_na_validacao,usado_na_app
2/4,ritmo (figura seguinte),R0,só o tempo do compasso,pos,0,2.5992,0.0341,6.0596,R1,0.3604,86688,,
2/4,ritmo (figura seguinte),R1,figura anterior (1.ª ordem),f1+pos > pos,64,2.2388,0.0362,4.7201,R1,0,86688,,
2/4,ritmo (figura seguinte),R2,duas figuras anteriores (árvore de 2 passos),f2+f1+pos > f1+pos > pos,64,2.1322,0.0359,4.3837,R1,-0.1066,86688,,
2/4,ritmo (figura seguinte),R3,3 figuras anteriores,f3+f2+f1+pos > f2+f1+pos > f1+pos > pos,64,2.1031,0.035,4.2965,R1,-0.1357,86688,,
2/4,ritmo (figura seguinte),R4,4 figuras anteriores,f4+f3+f2+f1+pos > f3+f2+f1+pos > f2+f1+pos > f1+pos > pos,64,2.0409,0.0358,4.1151,R1,-0.1979,86688,,sim
2/4,ritmo (figura seguinte),R5,5 figuras anteriores,f5+f4+f3+f2+f1+pos > f4+f3+f2+f1+pos > f3+f2+f1+pos > f2+f1+pos > f1+pos > pos,64,2.0298,0.036,4.0836,R1,-0.209,86688,,
2/4,ritmo (figura seguinte),R6,6 figuras anteriores,f6+f5+f4+f3+f2+f1+pos > f5+f4+f3+f2+f1+pos > f4+f3+f2+f1+pos > f3+f2+f1+pos > f2+f1+pos > f1+pos > pos,64,2.0254,0.0354,4.0712,R1,-0.2134,86688,,
2/4,ritmo (figura seguinte),R7,7 figuras anteriores,f7+f6+f5+f4+f3+f2+f1+pos > f6+f5+f4+f3+f2+f1+pos > f5+f4+f3+f2+f1+pos > f4+f3+f2+f1+pos > f3+f2+f1+pos > f2+f1+pos > f1+pos > pos,128,2.0207,0.0355,4.0577,R1,-0.2181,86688,,
2/4,ritmo (figura seguinte),R8,8 figuras anteriores,f8+f7+f6+f5+f4+f3+f2+f1+pos > f7+f6+f5+f4+f3+f2+f1+pos > f6+f5+f4+f3+f2+f1+pos > f5+f4+f3+f2+f1+pos > f4+f3+f2+f1+pos > f3+f2+f1+pos > f2+f1+pos > f1+pos > pos,64,2.0091,0.0372,4.0254,R1,-0.2297,86688,sim,
2/4,ritmo (figura seguinte),R1+dir3,figura anterior + direção da última nota (sobe/desce/repete),f1+d3+pos > f1+pos > pos,64,2.2345,0.0355,4.706,R1,-0.0043,86688,,
2/4,ritmo (figura seguinte),R1+dir5,figura anterior + direção (grau/salto),f1+d5+pos > f1+pos > pos,64,2.2255,0.0354,4.6767,R1,-0.0133,86688,,
2/4,ritmo (figura seguinte),R2+dir3,duas figuras + direção (sobe/desce/repete),f2+f1+d3+pos > f2+f1+pos > f1+pos > pos,64,2.1355,0.0362,4.3939,R1,-0.1033,86688,,
2/4,ritmo (figura seguinte),R2+dir5,duas figuras + direção (grau/salto),f2+f1+d5+pos > f2+f1+pos > f1+pos > pos,64,2.1284,0.0371,4.3723,R1,-0.1104,86688,,
2/4,ritmo (figura seguinte),R4+dir5,quatro figuras + direção (grau/salto),f4+f3+f2+f1+d5+pos > f4+f3+f2+f1+pos > f3+f2+f1+pos > f2+f1+pos > f1+pos > pos,64,2.0353,0.0365,4.099,R1,-0.2035,86688,,
2/4,ritmo (figura seguinte),R8+dir5,8 figuras + direção (grau/salto),f8+f7+f6+f5+f4+f3+f2+f1+d5+pos > f8+f7+f6+f5+f4+f3+f2+f1+pos > f7+f6+f5+f4+f3+f2+f1+pos > f6+f5+f4+f3+f2+f1+pos > f5+f4+f3+f2+f1+pos > f4+f3+f2+f1+pos > f3+f2+f1+pos > f2+f1+pos > f1+pos > pos,64,2.0046,0.0378,4.0128,R1,-0.2342,86688,,
2/4,melodia (intervalo de entrada),E0,só o tempo do compasso,pos,0,2.9572,0.0287,7.7662,E1,0.235,80441,,
2/4,melodia (intervalo de entrada),E1,grau da última nota (algoritmo anterior),deg+pos > pos,16,2.7222,0.0319,6.599,E1,0,80441,,
2/4,melodia (intervalo de entrada),E1+dir3,grau + direção do último intervalo (sobe/desce/repete),deg+d3+pos > deg+pos > pos,64,2.6363,0.0324,6.2174,E1,-0.0859,80441,,
2/4,melodia (intervalo de entrada),E1+dir5,grau + direção (grau/salto),deg+d5+pos > deg+pos > pos,64,2.5786,0.0287,5.9736,E1,-0.1436,80441,,
2/4,melodia (intervalo de entrada),E1+dir5+fig,grau + direção (grau/salto) + figura do tempo,deg+d5+fig+pos > deg+d5+pos > deg+pos > pos,64,2.5374,0.0304,5.8056,E1,-0.1848,80441,sim,sim
2/4,melodia (contorno no tempo),C0,só a figura,fig,0,3.8052,0.0392,13.9791,C0,0,58348,,
2/4,melodia (contorno no tempo),C1,figura + direção da entrada,fig+ed > fig,64,3.7213,0.0388,13.189,C0,-0.0839,58348,sim,sim
2/4,melodia (contorno no tempo),C1+pos,figura + direção da entrada + tempo do compasso,fig+ed+pos > fig+ed > fig,64,3.721,0.0445,13.1868,C0,-0.0842,58348,,
3/4,ritmo (figura seguinte),R0,só o tempo do compasso,pos,0,1.8585,0.0472,3.6263,R1,0.2167,65313,,
3/4,ritmo (figura seguinte),R1,figura anterior (1.ª ordem),f1+pos > pos,16,1.6418,0.0353,3.1205,R1,0,65313,,
3/4,ritmo (figura seguinte),R2,duas figuras anteriores (árvore de 2 passos),f2+f1+pos > f1+pos > pos,64,1.5849,0.0331,2.9999,R1,-0.0569,65313,,
3/4,ritmo (figura seguinte),R3,3 figuras anteriores,f3+f2+f1+pos > f2+f1+pos > f1+pos > pos,64,1.4939,0.0285,2.8165,R1,-0.1479,65313,,
3/4,ritmo (figura seguinte),R4,4 figuras anteriores,f4+f3+f2+f1+pos > f3+f2+f1+pos > f2+f1+pos > f1+pos > pos,64,1.4786,0.0279,2.7868,R1,-0.1632,65313,,sim
3/4,ritmo (figura seguinte),R5,5 figuras anteriores,f5+f4+f3+f2+f1+pos > f4+f3+f2+f1+pos > f3+f2+f1+pos > f2+f1+pos > f1+pos > pos,128,1.4677,0.0287,2.7657,R1,-0.1741,65313,,
3/4,ritmo (figura seguinte),R6,6 figuras anteriores,f6+f5+f4+f3+f2+f1+pos > f5+f4+f3+f2+f1+pos > f4+f3+f2+f1+pos > f3+f2+f1+pos > f2+f1+pos > f1+pos > pos,64,1.4361,0.0296,2.7058,R1,-0.2057,65313,,
3/4,ritmo (figura seguinte),R7,7 figuras anteriores,f7+f6+f5+f4+f3+f2+f1+pos > f6+f5+f4+f3+f2+f1+pos > f5+f4+f3+f2+f1+pos > f4+f3+f2+f1+pos > f3+f2+f1+pos > f2+f1+pos > f1+pos > pos,64,1.4278,0.0297,2.6904,R1,-0.214,65313,sim,
3/4,ritmo (figura seguinte),R8,8 figuras anteriores,f8+f7+f6+f5+f4+f3+f2+f1+pos > f7+f6+f5+f4+f3+f2+f1+pos > f6+f5+f4+f3+f2+f1+pos > f5+f4+f3+f2+f1+pos > f4+f3+f2+f1+pos > f3+f2+f1+pos > f2+f1+pos > f1+pos > pos,128,1.4242,0.0286,2.6837,R1,-0.2175,65313,,
3/4,ritmo (figura seguinte),R1+dir3,figura anterior + direção da última nota (sobe/desce/repete),f1+d3+pos > f1+pos > pos,64,1.636,0.0355,3.1081,R1,-0.0057,65313,,
3/4,ritmo (figura seguinte),R1+dir5,figura anterior + direção (grau/salto),f1+d5+pos > f1+pos > pos,64,1.6297,0.0345,3.0946,R1,-0.012,65313,,
3/4,ritmo (figura seguinte),R2+dir3,duas figuras + direção (sobe/desce/repete),f2+f1+d3+pos > f2+f1+pos > f1+pos > pos,64,1.5777,0.0328,2.985,R1,-0.064,65313,,
3/4,ritmo (figura seguinte),R2+dir5,duas figuras + direção (grau/salto),f2+f1+d5+pos > f2+f1+pos > f1+pos > pos,64,1.5694,0.0318,2.9677,R1,-0.0724,65313,,
3/4,ritmo (figura seguinte),R4+dir5,quatro figuras + direção (grau/salto),f4+f3+f2+f1+d5+pos > f4+f3+f2+f1+pos > f3+f2+f1+pos > f2+f1+pos > f1+pos > pos,64,1.4717,0.0286,2.7736,R1,-0.17,65313,,
3/4,ritmo (figura seguinte),R8+dir5,8 figuras + direção (grau/salto),f8+f7+f6+f5+f4+f3+f2+f1+d5+pos > f8+f7+f6+f5+f4+f3+f2+f1+pos > f7+f6+f5+f4+f3+f2+f1+pos > f6+f5+f4+f3+f2+f1+pos > f5+f4+f3+f2+f1+pos > f4+f3+f2+f1+pos > f3+f2+f1+pos > f2+f1+pos > f1+pos > pos,64,1.421,0.0297,2.6778,R1,-0.2207,65313,,
3/4,melodia (intervalo de entrada),E0,só o tempo do compasso,pos,0,2.7969,0.0267,6.9496,E1,0.1864,56003,,
3/4,melodia (intervalo de entrada),E1,grau da última nota (algoritmo anterior),deg+pos > pos,16,2.6105,0.0365,6.1072,E1,0,56003,,
3/4,melodia (intervalo de entrada),E1+dir3,grau + direção do último intervalo (sobe/desce/repete),deg+d3+pos > deg+pos > pos,64,2.541,0.0416,5.8199,E1,-0.0695,56003,,
3/4,melodia (intervalo de entrada),E1+dir5,grau + direção (grau/salto),deg+d5+pos > deg+pos > pos,64,2.4727,0.0351,5.5508,E1,-0.1378,56003,,
3/4,melodia (intervalo de entrada),E1+dir5+fig,grau + direção (grau/salto) + figura do tempo,deg+d5+fig+pos > deg+d5+pos > deg+pos > pos,64,2.4516,0.0374,5.4702,E1,-0.1589,56003,sim,sim
3/4,melodia (contorno no tempo),C0,só a figura,fig,0,2.7838,0.0451,6.8868,C0,0,17093,,
3/4,melodia (contorno no tempo),C1,figura + direção da entrada,fig+ed > fig,16,2.7063,0.06,6.5265,C0,-0.0775,17093,,
3/4,melodia (contorno no tempo),C1+pos,figura + direção da entrada + tempo do compasso,fig+ed+pos > fig+ed > fig,64,2.6511,0.0605,6.2815,C0,-0.1327,17093,sim,sim
4/4,ritmo (figura seguinte),R0,só o tempo do compasso,pos,0,2.0403,0.0234,4.1134,R1,0.3766,158138,,
4/4,ritmo (figura seguinte),R1,figura anterior (1.ª ordem),f1+pos > pos,16,1.6637,0.0156,3.1683,R1,0,158138,,
4/4,ritmo (figura seguinte),R2,duas figuras anteriores (árvore de 2 passos),f2+f1+pos > f1+pos > pos,16,1.5692,0.0163,2.9673,R1,-0.0946,158138,,
4/4,ritmo (figura seguinte),R3,3 figuras anteriores,f3+f2+f1+pos > f2+f1+pos > f1+pos > pos,64,1.5236,0.0184,2.8751,R1,-0.1401,158138,,
4/4,ritmo (figura seguinte),R4,4 figuras anteriores,f4+f3+f2+f1+pos > f3+f2+f1+pos > f2+f1+pos > f1+pos > pos,64,1.4806,0.0195,2.7906,R1,-0.1832,158138,,
4/4,ritmo (figura seguinte),R5,5 figuras anteriores,f5+f4+f3+f2+f1+pos > f4+f3+f2+f1+pos > f3+f2+f1+pos > f2+f1+pos > f1+pos > pos,64,1.4713,0.0194,2.7728,R1,-0.1924,158138,,
4/4,ritmo (figura seguinte),R6,6 figuras anteriores,f6+f5+f4+f3+f2+f1+pos > f5+f4+f3+f2+f1+pos > f4+f3+f2+f1+pos > f3+f2+f1+pos > f2+f1+pos > f1+pos > pos,128,1.466,0.02,2.7625,R1,-0.1977,158138,,
4/4,ritmo (figura seguinte),R7,7 figuras anteriores,f7+f6+f5+f4+f3+f2+f1+pos > f6+f5+f4+f3+f2+f1+pos > f5+f4+f3+f2+f1+pos > f4+f3+f2+f1+pos > f3+f2+f1+pos > f2+f1+pos > f1+pos > pos,128,1.4592,0.0194,2.7497,R1,-0.2045,158138,,
4/4,ritmo (figura seguinte),R8,8 figuras anteriores,f8+f7+f6+f5+f4+f3+f2+f1+pos > f7+f6+f5+f4+f3+f2+f1+pos > f6+f5+f4+f3+f2+f1+pos > f5+f4+f3+f2+f1+pos > f4+f3+f2+f1+pos > f3+f2+f1+pos > f2+f1+pos > f1+pos > pos,64,1.4363,0.019,2.7062,R1,-0.2274,158138,sim,
4/4,ritmo (figura seguinte),R1+dir3,figura anterior + direção da última nota (sobe/desce/repete),f1+d3+pos > f1+pos > pos,64,1.6522,0.0168,3.143,R1,-0.0116,158138,,
4/4,ritmo (figura seguinte),R1+dir5,figura anterior + direção (grau/salto),f1+d5+pos > f1+pos > pos,64,1.6378,0.0177,3.112,R1,-0.0259,158138,,
4/4,ritmo (figura seguinte),R2+dir3,duas figuras + direção (sobe/desce/repete),f2+f1+d3+pos > f2+f1+pos > f1+pos > pos,64,1.5608,0.0181,2.9503,R1,-0.1029,158138,,
4/4,ritmo (figura seguinte),R2+dir5,duas figuras + direção (grau/salto),f2+f1+d5+pos > f2+f1+pos > f1+pos > pos,64,1.5475,0.0178,2.923,R1,-0.1163,158138,,
4/4,ritmo (figura seguinte),R4+dir5,quatro figuras + direção (grau/salto),f4+f3+f2+f1+d5+pos > f4+f3+f2+f1+pos > f3+f2+f1+pos > f2+f1+pos > f1+pos > pos,64,1.469,0.0207,2.7683,R1,-0.1947,158138,,sim
4/4,ritmo (figura seguinte),R8+dir5,8 figuras + direção (grau/salto),f8+f7+f6+f5+f4+f3+f2+f1+d5+pos > f8+f7+f6+f5+f4+f3+f2+f1+pos > f7+f6+f5+f4+f3+f2+f1+pos > f6+f5+f4+f3+f2+f1+pos > f5+f4+f3+f2+f1+pos > f4+f3+f2+f1+pos > f3+f2+f1+pos > f2+f1+pos > f1+pos > pos,64,1.4297,0.0193,2.6939,R1,-0.234,158138,,
4/4,melodia (intervalo de entrada),E0,só o tempo do compasso,pos,0,2.8417,0.0193,7.1685,E1,0.1868,140562,,
4/4,melodia (intervalo de entrada),E1,grau da última nota (algoritmo anterior),deg+pos > pos,16,2.6548,0.0277,6.2978,E1,0,140562,,
4/4,melodia (intervalo de entrada),E1+dir3,grau + direção do último intervalo (sobe/desce/repete),deg+d3+pos > deg+pos > pos,64,2.5634,0.0267,5.9111,E1,-0.0914,140562,,
4/4,melodia (intervalo de entrada),E1+dir5,grau + direção (grau/salto),deg+d5+pos > deg+pos > pos,64,2.4844,0.0272,5.5959,E1,-0.1705,140562,,
4/4,melodia (intervalo de entrada),E1+dir5+fig,grau + direção (grau/salto) + figura do tempo,deg+d5+fig+pos > deg+d5+pos > deg+pos > pos,64,2.4533,0.0287,5.4766,E1,-0.2016,140562,sim,sim
4/4,melodia (contorno no tempo),C0,só a figura,fig,4,2.8651,0.019,7.2857,C0,0,60067,,
4/4,melodia (contorno no tempo),C1,figura + direção da entrada,fig+ed > fig,64,2.7024,0.0092,6.5088,C0,-0.1627,60067,,
4/4,melodia (contorno no tempo),C1+pos,figura + direção da entrada + tempo do compasso,fig+ed+pos > fig+ed > fig,64,2.6371,0.0125,6.2208,C0,-0.228,60067,sim,sim
3/8,ritmo (figura seguinte),R0,só o tempo do compasso,pos,0,3.4347,0.1199,10.8132,R1,0.2746,5672,,
3/8,ritmo (figura seguinte),R1,figura anterior (1.ª ordem),f1+pos > pos,64,3.1601,0.1091,8.9389,R1,0,5672,,
3/8,ritmo (figura seguinte),R2,duas figuras anteriores (árvore de 2 passos),f2+f1+pos > f1+pos > pos,64,3.1182,0.1222,8.6832,R1,-0.0419,5672,,
3/8,ritmo (figura seguinte),R3,3 figuras anteriores,f3+f2+f1+pos > f2+f1+pos > f1+pos > pos,128,3.1002,0.1254,8.5756,R1,-0.0599,5672,,
3/8,ritmo (figura seguinte),R4,4 figuras anteriores,f4+f3+f2+f1+pos > f3+f2+f1+pos > f2+f1+pos > f1+pos > pos,128,3.0843,0.1272,8.4815,R1,-0.0758,5672,,sim
3/8,ritmo (figura seguinte),R5,5 figuras anteriores,f5+f4+f3+f2+f1+pos > f4+f3+f2+f1+pos > f3+f2+f1+pos > f2+f1+pos > f1+pos > pos,128,3.0776,0.1275,8.4418,R1,-0.0825,5672,sim,
3/8,ritmo (figura seguinte),R6,6 figuras anteriores,f6+f5+f4+f3+f2+f1+pos > f5+f4+f3+f2+f1+pos > f4+f3+f2+f1+pos > f3+f2+f1+pos > f2+f1+pos > f1+pos > pos,128,3.0748,0.1273,8.4255,R1,-0.0853,5672,,
3/8,ritmo (figura seguinte),R7,7 figuras anteriores,f7+f6+f5+f4+f3+f2+f1+pos > f6+f5+f4+f3+f2+f1+pos > f5+f4+f3+f2+f1+pos > f4+f3+f2+f1+pos > f3+f2+f1+pos > f2+f1+pos > f1+pos > pos,128,3.074,0.1271,8.421,R1,-0.0861,5672,,
3/8,ritmo (figura seguinte),R8,8 figuras anteriores,f8+f7+f6+f5+f4+f3+f2+f1+pos > f7+f6+f5+f4+f3+f2+f1+pos > f6+f5+f4+f3+f2+f1+pos > f5+f4+f3+f2+f1+pos > f4+f3+f2+f1+pos > f3+f2+f1+pos > f2+f1+pos > f1+pos > pos,128,3.0742,0.1269,8.4225,R1,-0.0858,5672,,
3/8,ritmo (figura seguinte),R1+dir3,figura anterior + direção da última nota (sobe/desce/repete),f1+d3+pos > f1+pos > pos,64,3.1706,0.1209,9.004,R1,0.0105,5672,,
3/8,ritmo (figura seguinte),R1+dir5,figura anterior + direção (grau/salto),f1+d5+pos > f1+pos > pos,64,3.1646,0.1192,8.9669,R1,0.0045,5672,,
3/8,ritmo (figura seguinte),R2+dir3,duas figuras + direção (sobe/desce/repete),f2+f1+d3+pos > f2+f1+pos > f1+pos > pos,64,3.1237,0.1264,8.7164,R1,-0.0364,5672,,
3/8,ritmo (figura seguinte),R2+dir5,duas figuras + direção (grau/salto),f2+f1+d5+pos > f2+f1+pos > f1+pos > pos,64,3.1137,0.1231,8.6558,R1,-0.0464,5672,,
3/8,ritmo (figura seguinte),R4+dir5,quatro figuras + direção (grau/salto),f4+f3+f2+f1+d5+pos > f4+f3+f2+f1+pos > f3+f2+f1+pos > f2+f1+pos > f1+pos > pos,64,3.0788,0.134,8.4489,R1,-0.0813,5672,,
3/8,ritmo (figura seguinte),R8+dir5,8 figuras + direção (grau/salto),f8+f7+f6+f5+f4+f3+f2+f1+d5+pos > f8+f7+f6+f5+f4+f3+f2+f1+pos > f7+f6+f5+f4+f3+f2+f1+pos > f6+f5+f4+f3+f2+f1+pos > f5+f4+f3+f2+f1+pos > f4+f3+f2+f1+pos > f3+f2+f1+pos > f2+f1+pos > f1+pos > pos,64,3.0858,0.1344,8.4901,R1,-0.0743,5672,,
3/8,melodia (intervalo de entrada),E0,só o tempo do compasso,pos,0,2.8593,0.0766,7.2565,E1,0.2745,5324,,
3/8,melodia (intervalo de entrada),E1,grau da última nota (algoritmo anterior),deg+pos > pos,16,2.5847,0.066,5.9991,E1,0,5324,,
3/8,melodia (intervalo de entrada),E1+dir3,grau + direção do último intervalo (sobe/desce/repete),deg+d3+pos > deg+pos > pos,64,2.4727,0.0618,5.551,E1,-0.112,5324,,
3/8,melodia (intervalo de entrada),E1+dir5,grau + direção (grau/salto),deg+d5+pos > deg+pos > pos,64,2.4323,0.0575,5.3975,E1,-0.1525,5324,,
3/8,melodia (intervalo de entrada),E1+dir5+fig,grau + direção (grau/salto) + figura do tempo,deg+d5+fig+pos > deg+d5+pos > deg+pos > pos,64,2.4176,0.0557,5.3428,E1,-0.1672,5324,sim,sim
3/8,melodia (contorno no tempo),C0,só a figura,fig,4,4.7885,0.0769,27.6368,C0,0,5013,,
3/8,melodia (contorno no tempo),C1,figura + direção da entrada,fig+ed > fig,64,4.7486,0.0856,26.8822,C0,-0.0399,5013,sim,sim
3/8,melodia (contorno no tempo),C1+pos,figura + direção da entrada + tempo do compasso,fig+ed+pos > fig+ed > fig,64,4.7858,0.0988,27.585,C0,-0.0027,5013,,
6/8,ritmo (figura seguinte),R0,só o tempo do compasso,pos,0,2.262,0.0424,4.7967,R1,0.3115,56669,,
6/8,ritmo (figura seguinte),R1,figura anterior (1.ª ordem),f1+pos > pos,16,1.9505,0.0433,3.8652,R1,0,56669,,
6/8,ritmo (figura seguinte),R2,duas figuras anteriores (árvore de 2 passos),f2+f1+pos > f1+pos > pos,64,1.879,0.0481,3.6783,R1,-0.0715,56669,,
6/8,ritmo (figura seguinte),R3,3 figuras anteriores,f3+f2+f1+pos > f2+f1+pos > f1+pos > pos,128,1.8594,0.0486,3.6286,R1,-0.0911,56669,,
6/8,ritmo (figura seguinte),R4,4 figuras anteriores,f4+f3+f2+f1+pos > f3+f2+f1+pos > f2+f1+pos > f1+pos > pos,64,1.804,0.0487,3.492,R1,-0.1465,56669,,sim
6/8,ritmo (figura seguinte),R5,5 figuras anteriores,f5+f4+f3+f2+f1+pos > f4+f3+f2+f1+pos > f3+f2+f1+pos > f2+f1+pos > f1+pos > pos,128,1.8001,0.05,3.4824,R1,-0.1505,56669,,
6/8,ritmo (figura seguinte),R6,6 figuras anteriores,f6+f5+f4+f3+f2+f1+pos > f5+f4+f3+f2+f1+pos > f4+f3+f2+f1+pos > f3+f2+f1+pos > f2+f1+pos > f1+pos > pos,128,1.7952,0.0505,3.4706,R1,-0.1554,56669,,
6/8,ritmo (figura seguinte),R7,7 figuras anteriores,f7+f6+f5+f4+f3+f2+f1+pos > f6+f5+f4+f3+f2+f1+pos > f5+f4+f3+f2+f1+pos > f4+f3+f2+f1+pos > f3+f2+f1+pos > f2+f1+pos > f1+pos > pos,128,1.7934,0.0522,3.4664,R1,-0.1571,56669,,
6/8,ritmo (figura seguinte),R8,8 figuras anteriores,f8+f7+f6+f5+f4+f3+f2+f1+pos > f7+f6+f5+f4+f3+f2+f1+pos > f6+f5+f4+f3+f2+f1+pos > f5+f4+f3+f2+f1+pos > f4+f3+f2+f1+pos > f3+f2+f1+pos > f2+f1+pos > f1+pos > pos,128,1.7743,0.0525,3.4207,R1,-0.1762,56669,sim,
6/8,ritmo (figura seguinte),R1+dir3,figura anterior + direção da última nota (sobe/desce/repete),f1+d3+pos > f1+pos > pos,64,1.9538,0.0428,3.874,R1,0.0033,56669,,
6/8,ritmo (figura seguinte),R1+dir5,figura anterior + direção (grau/salto),f1+d5+pos > f1+pos > pos,64,1.9507,0.044,3.8656,R1,0.0002,56669,,
6/8,ritmo (figura seguinte),R2+dir3,duas figuras + direção (sobe/desce/repete),f2+f1+d3+pos > f2+f1+pos > f1+pos > pos,64,1.8849,0.0496,3.6933,R1,-0.0656,56669,,
6/8,ritmo (figura seguinte),R2+dir5,duas figuras + direção (grau/salto),f2+f1+d5+pos > f2+f1+pos > f1+pos > pos,64,1.8809,0.0494,3.6829,R1,-0.0697,56669,,
6/8,ritmo (figura seguinte),R4+dir5,quatro figuras + direção (grau/salto),f4+f3+f2+f1+d5+pos > f4+f3+f2+f1+pos > f3+f2+f1+pos > f2+f1+pos > f1+pos > pos,64,1.8036,0.0496,3.4909,R1,-0.147,56669,,
6/8,ritmo (figura seguinte),R8+dir5,8 figuras + direção (grau/salto),f8+f7+f6+f5+f4+f3+f2+f1+d5+pos > f8+f7+f6+f5+f4+f3+f2+f1+pos > f7+f6+f5+f4+f3+f2+f1+pos > f6+f5+f4+f3+f2+f1+pos > f5+f4+f3+f2+f1+pos > f4+f3+f2+f1+pos > f3+f2+f1+pos > f2+f1+pos > f1+pos > pos,64,1.7761,0.0539,3.425,R1,-0.1745,56669,,
6/8,melodia (intervalo de entrada),E0,só o tempo do compasso,pos,0,2.8652,0.0197,7.2864,E1,0.2175,54606,,
6/8,melodia (intervalo de entrada),E1,grau da última nota (algoritmo anterior),deg+pos > pos,16,2.6477,0.0292,6.2666,E1,0,54606,,
6/8,melodia (intervalo de entrada),E1+dir3,grau + direção do último intervalo (sobe/desce/repete),deg+d3+pos > deg+pos > pos,64,2.5256,0.0363,5.7581,E1,-0.1221,54606,,
6/8,melodia (intervalo de entrada),E1+dir5,grau + direção (grau/salto),deg+d5+pos > deg+pos > pos,64,2.4636,0.0354,5.5158,E1,-0.1841,54606,,
6/8,melodia (intervalo de entrada),E1+dir5+fig,grau + direção (grau/salto) + figura do tempo,deg+d5+fig+pos > deg+d5+pos > deg+pos > pos,64,2.4335,0.0376,5.4021,E1,-0.2141,54606,sim,sim
6/8,melodia (contorno no tempo),C0,só a figura,fig,0,4.0595,0.0544,16.6739,C0,0,49422,,
6/8,melodia (contorno no tempo),C1,figura + direção da entrada,fig+ed > fig,16,3.9632,0.047,15.5972,C0,-0.0963,49422,,
6/8,melodia (contorno no tempo),C1+pos,figura + direção da entrada + tempo do compasso,fig+ed+pos > fig+ed > fig,64,3.9232,0.0499,15.1703,C0,-0.1363,49422,sim,sim
9/8,ritmo (figura seguinte),R0,só o tempo do compasso,pos,0,1.7648,0.177,3.3983,R1,0.1112,5000,,
9/8,ritmo (figura seguinte),R1,figura anterior (1.ª ordem),f1+pos > pos,64,1.6536,0.1653,3.1461,R1,0,5000,,
9/8,ritmo (figura seguinte),R2,duas figuras anteriores (árvore de 2 passos),f2+f1+pos > f1+pos > pos,128,1.636,0.152,3.108,R1,-0.0176,5000,,
9/8,ritmo (figura seguinte),R3,3 figuras anteriores,f3+f2+f1+pos > f2+f1+pos > f1+pos > pos,64,1.5522,0.1665,2.9326,R1,-0.1014,5000,,
9/8,ritmo (figura seguinte),R4,4 figuras anteriores,f4+f3+f2+f1+pos > f3+f2+f1+pos > f2+f1+pos > f1+pos > pos,128,1.5315,0.1577,2.8909,R1,-0.1221,5000,,sim
9/8,ritmo (figura seguinte),R5,5 figuras anteriores,f5+f4+f3+f2+f1+pos > f4+f3+f2+f1+pos > f3+f2+f1+pos > f2+f1+pos > f1+pos > pos,128,1.5205,0.1606,2.8689,R1,-0.1331,5000,,
9/8,ritmo (figura seguinte),R6,6 figuras anteriores,f6+f5+f4+f3+f2+f1+pos > f5+f4+f3+f2+f1+pos > f4+f3+f2+f1+pos > f3+f2+f1+pos > f2+f1+pos > f1+pos > pos,128,1.4952,0.1645,2.819,R1,-0.1584,5000,,
9/8,ritmo (figura seguinte),R7,7 figuras anteriores,f7+f6+f5+f4+f3+f2+f1+pos > f6+f5+f4+f3+f2+f1+pos > f5+f4+f3+f2+f1+pos > f4+f3+f2+f1+pos > f3+f2+f1+pos > f2+f1+pos > f1+pos > pos,128,1.482,0.1671,2.7934,R1,-0.1716,5000,sim,
9/8,ritmo (figura seguinte),R8,8 figuras anteriores,f8+f7+f6+f5+f4+f3+f2+f1+pos > f7+f6+f5+f4+f3+f2+f1+pos > f6+f5+f4+f3+f2+f1+pos > f5+f4+f3+f2+f1+pos > f4+f3+f2+f1+pos > f3+f2+f1+pos > f2+f1+pos > f1+pos > pos,128,1.4744,0.1687,2.7787,R1,-0.1792,5000,,
9/8,ritmo (figura seguinte),R1+dir3,figura anterior + direção da última nota (sobe/desce/repete),f1+d3+pos > f1+pos > pos,64,1.6573,0.1822,3.1542,R1,0.0037,5000,,
9/8,ritmo (figura seguinte),R1+dir5,figura anterior + direção (grau/salto),f1+d5+pos > f1+pos > pos,64,1.6426,0.184,3.1222,R1,-0.011,5000,,
9/8,ritmo (figura seguinte),R2+dir3,duas figuras + direção (sobe/desce/repete),f2+f1+d3+pos > f2+f1+pos > f1+pos > pos,64,1.6456,0.1672,3.1288,R1,-0.008,5000,,
9/8,ritmo (figura seguinte),R2+dir5,duas figuras + direção (grau/salto),f2+f1+d5+pos > f2+f1+pos > f1+pos > pos,64,1.6287,0.1717,3.0923,R1,-0.0249,5000,,
9/8,ritmo (figura seguinte),R4+dir5,quatro figuras + direção (grau/salto),f4+f3+f2+f1+d5+pos > f4+f3+f2+f1+pos > f3+f2+f1+pos > f2+f1+pos > f1+pos > pos,64,1.5239,0.174,2.8757,R1,-0.1297,5000,,
9/8,ritmo (figura seguinte),R8+dir5,8 figuras + direção (grau/salto),f8+f7+f6+f5+f4+f3+f2+f1+d5+pos > f8+f7+f6+f5+f4+f3+f2+f1+pos > f7+f6+f5+f4+f3+f2+f1+pos > f6+f5+f4+f3+f2+f1+pos > f5+f4+f3+f2+f1+pos > f4+f3+f2+f1+pos > f3+f2+f1+pos > f2+f1+pos > f1+pos > pos,64,1.4734,0.1854,2.7768,R1,-0.1802,5000,,
9/8,melodia (intervalo de entrada),E0,só o tempo do compasso,pos,0,2.9351,0.0914,7.648,E1,0.2132,4857,,
9/8,melodia (intervalo de entrada),E1,grau da última nota (algoritmo anterior),deg+pos > pos,16,2.7219,0.0806,6.5975,E1,0,4857,,
9/8,melodia (intervalo de entrada),E1+dir3,grau + direção do último intervalo (sobe/desce/repete),deg+d3+pos > deg+pos > pos,64,2.6422,0.0821,6.2429,E1,-0.0797,4857,,
9/8,melodia (intervalo de entrada),E1+dir5,grau + direção (grau/salto),deg+d5+pos > deg+pos > pos,64,2.5949,0.0916,6.0413,E1,-0.1271,4857,,
9/8,melodia (intervalo de entrada),E1+dir5+fig,grau + direção (grau/salto) + figura do tempo,deg+d5+fig+pos > deg+d5+pos > deg+pos > pos,64,2.5558,0.0968,5.8799,E1,-0.1661,4857,sim,sim
9/8,melodia (contorno no tempo),C0,só a figura,fig,4,3.8571,0.135,14.4908,C0,0,4787,,
9/8,melodia (contorno no tempo),C1,figura + direção da entrada,fig+ed > fig,16,3.7066,0.1625,13.0559,C0,-0.1504,4787,,
9/8,melodia (contorno no tempo),C1+pos,figura + direção da entrada + tempo do compasso,fig+ed+pos > fig+ed > fig,64,3.6164,0.1855,12.2641,C0,-0.2407,4787,sim,sim
