estilo,compasso,compassos,pontuacao_sem,pontuacao_com,regras_no_intervalo_sem,regras_no_intervalo_com,critico_sem,critico_com,tipicas_sem,tipicas_com,regras_mais_falhadas_com
none,4/4,8,0.8090,0.9987,0.6346,0.9615,0.8757,0.8318,21.50,20.00,"leaps (2/4)"
folk,4/4,8,0.8710,1.0000,0.7500,0.9706,0.8757,0.8801,21.50,22.00,"motifs (2/4)"
children,4/4,8,0.7200,0.9834,0.7188,0.9072,0.8757,0.7431,21.50,23.50,"motifs (3/4); leaps (2/4); pentatonic (1/4)"
lullaby,6/8,8,0.6079,1.0000,0.6716,1.0000,0.9190,0.9046,20.25,22.50,""
hymn,4/4,8,0.6984,0.8237,0.7353,0.9126,0.8757,0.8448,21.50,22.75,"firstOnset (4/4); leaps (2/4)"
pentatonic,4/4,8,0.7345,0.9963,0.7031,0.9208,0.8757,0.7114,21.50,19.50,"leaps (3/4); finalLength (1/4); pentatonic (1/4)"
fado,4/4,8,0.6903,0.9984,0.6500,0.9667,0.8757,0.8813,21.50,20.50,"leaps (1/4); inertia (1/4)"
reel,4/4,16,0.2518,0.8207,0.5147,0.8472,0.6808,0.6949,19.50,19.25,"arpeggio (3/4); leaps (3/4); fig:eighths (2/4)"
jig,6/8,16,0.3912,0.9993,0.6094,0.9090,0.8796,0.8992,18.00,21.00,"motifs (4/4); leaps (1/4); finalLength (1/4)"
singleJig,6/8,16,0.4743,0.9964,0.6500,0.9688,0.8796,0.8902,18.00,22.50,"leaps (1/4); finalLength (1/4)"
slipJig,9/8,16,0.7578,0.9986,0.7059,0.9559,0.9556,0.9354,19.50,20.75,"leaps (3/4)"
hornpipe,4/4,16,0.3353,0.8418,0.5156,0.8971,0.6808,0.6909,19.50,18.50,"density (4/4); motifs (3/4)"
strathspey,4/4,16,0.5291,0.8737,0.6875,0.8235,0.7813,0.6689,19.75,19.00,"fig:dotted (4/4); density (4/4); leaps (4/4)"
polka,2/4,16,0.7284,0.9988,0.7031,0.9706,0.8479,0.8754,18.25,19.00,"leaps (2/4)"
march,4/4,16,0.7040,0.9992,0.6406,0.9706,0.7813,0.8730,19.75,21.25,"finalLength (1/4); density (1/4)"
waltz,3/4,16,0.7473,0.9983,0.7500,0.9688,0.7957,0.6294,18.25,18.00,"leaps (1/4); syncBar (1/4)"
mazurka,3/4,16,0.6636,0.9990,0.6875,0.9853,0.7957,0.7865,18.25,18.50,"motifs (1/4)"
polonaise,3/4,16,0.4597,1.0000,0.6875,1.0000,0.7957,0.9085,18.25,20.50,""
tarantella,6/8,16,0.5105,0.9997,0.5983,0.9853,0.9108,0.9294,21.50,21.75,"leaps (1/4)"
vira,6/8,16,0.6277,0.9988,0.6608,0.9559,0.9108,0.9160,21.50,22.50,"leaps (3/4)"
habanera,2/4,16,0.6690,0.9755,0.7031,0.9265,0.8479,0.8625,18.25,17.50,"fig:sincopa (4/4); leaps (1/4)"
palestrina,4/4,8,0.8218,0.9985,0.6912,0.9559,0.8757,0.8417,21.50,22.00,"leaps (2/4); steps (1/4)"
chorale,4/4,8,0.7089,0.9973,0.5972,0.9722,0.8757,0.8833,21.50,23.25,"stepDown (1/4); leaps (1/4)"
minuet,3/4,16,0.8300,1.0000,0.8284,1.0000,0.8377,0.7726,19.00,20.50,""
gavotte,4/4,16,0.5605,0.9389,0.6094,0.9265,0.6808,0.7845,19.50,20.50,"leaps (2/4); density (2/4); firstOnset (1/4)"
bourree,4/4,16,0.4721,0.7708,0.5735,0.9306,0.6808,0.9363,19.50,22.75,"firstOnset (4/4); leaps (1/4)"
sarabande,3/4,16,0.6482,1.0000,0.8015,1.0000,0.8377,0.7396,19.00,18.25,""
gigue,6/8,16,0.4767,0.9922,0.5625,0.8971,0.8796,0.8150,18.00,19.75,"leaps (4/4); arpeggio (3/4)"
siciliana,6/8,8,0.5644,0.9980,0.6213,0.9714,0.9190,0.8874,20.25,20.75,"leaps (1/4); bigLeaps (1/4)"
passepied,3/8,16,0.4524,1.0000,0.6927,1.0000,0.9141,0.8767,18.75,19.00,""
allemande,4/4,8,0.3375,0.4962,0.5588,0.8162,0.8757,0.8180,21.50,21.00,"firstOnset (4/4); fig:sixteenths (4/4); density (4/4)"
fortspinnung,4/4,8,0.3545,0.7963,0.5156,0.8529,0.8757,0.8444,21.50,21.75,"density (4/4); fig:sixteenths (4/4); sequences (1/4)"
classical,4/4,8,0.5895,0.9637,0.5833,0.8854,0.8757,0.7650,21.50,21.50,"sequences (4/4); recovery (1/4); range (1/4)"
hunt,6/8,16,0.6034,0.9951,0.6373,0.9436,0.9108,0.8009,21.50,20.75,"leaps (3/4); finalLength (1/4)"
blues,4/4,12,0.6773,0.8905,0.6875,0.8649,0.7226,0.6714,18.00,21.25,"restShare (4/4); syncBar (4/4); leaps (1/4)"
jazz,4/4,8,0.4596,0.9522,0.4688,0.8235,0.8757,0.6100,21.50,18.50,"leaps (4/4); syncBar (3/4); arpeggio (3/4)"
pop,4/4,8,0.5387,0.9099,0.5781,0.7813,0.8757,0.7275,21.50,22.50,"syncBar (4/4); restShare (4/4); motifs (3/4)"
