id,ambito,estilo,compassos,categoria,achado,regra_derivada,fonte,url,tipo_de_evidencia
G01,geral,música tonal ocidental (e muitas outras),todos,intervalos,"As alturas sucessivas de uma melodia tendem a ser próximas (proximidade de altura); os ouvintes esperam intervalos pequenos.","Preferir intervalos pequenos; os saltos grandes são raros.","Huron (2006), Sweet Anticipation, cap. 5 (resumo em Pearce 2006, recensão)",https://www.doc.gold.ac.uk/~mas03dm/papers/huron06-review.pdf,estudo de corpus + experiências
G02,geral,música tonal ocidental,todos,intervalos,"Declinação por grau (step declination): as melodias descem por grau conjunto mais vezes do que sobem; lê-se como movimento para o repouso.","Entre os graus conjuntos, mais de metade devem descer.","Huron (2006), Sweet Anticipation; Open Music Theory, Introduction to Species Counterpoint",https://viva.pressbooks.pub/openmusictheory/chapter/species-counterpoint/,estudo de corpus + manual
G03,geral,canção popular europeia; temas clássicos; hinos (não a música pop),todos,intervalos,"Inércia do grau (step inertia): um grau conjunto tende a ser seguido de outro no mesmo sentido nas canções populares europeias (Essen: peso 0,51), nos temas clássicos e nos hinos ingleses; na música pop (Billboard Hot 100, Rolling Stone) não (peso 0,02; os graus que mudam de sentido são até ligeiramente mais prováveis).","Nos estilos da prática comum, recompensar a continuação no mesmo sentido depois de um grau; na pop, não.","Chiu & Temperley (2024), Melodic Differences Between Styles: Modeling Music With Step Inertia, Music & Science",https://journals.sagepub.com/doi/full/10.1177/20592043231225731,estudo de corpus (modelo generativo)
G04,geral,melodias de muitas culturas,todos,intervalos,"Depois de um salto grande a melodia tende a mudar de sentido (post-skip reversal, gap fill); von Hippel & Huron explicam-no como regressão para a média: um salto leva a melodia para perto do limite do seu âmbito.","Depois de um salto, voltar para trás; as notas nos extremos do âmbito são seguidas de notas mais centrais.","von Hippel & Huron (2000), Why Do Skips Precede Reversals? The Effect of Tessitura on Melodic Structure, Music Perception 18(1)",https://www.researchgate.net/publication/224982434_Why_Do_Skips_Precede_Reversals_The_Effect_of_Tessitura_on_Melodic_Structure,estudo de corpus
G05,geral,canção popular ocidental,todos,contorno,"Arco melódico: nas mais de 6000 canções do Essen, uma proporção desproporcionada de frases sobe no início e desce na segunda metade (contorno convexo; tipologia pelas notas inicial, média e final).","Cada frase sobe até um ponto alto no meio e desce para o fim.","Huron (1996), The Melodic Arch in Western Folksongs, Computing in Musicology 10",https://www.researchgate.net/publication/239063783_The_Melodic_Arch_in_Western_Folksongs,estudo de corpus
G06,geral,música tonal ocidental,todos,intervalos,"Modelo de implicação-realização: intervalos pequenos (≤ 5 meios-tons) implicam continuar no mesmo sentido e um intervalo de tamanho parecido; intervalos grandes (≥ 7) implicam mudar de sentido e um intervalo mais pequeno (diferença intervalar); há ainda o retorno ao registo e o fecho. Schellenberg reduziu-o a proximidade + inversão de altura.","Depois de um intervalo grande, o seguinte é mais pequeno e muda de sentido; depois de um pequeno, um intervalo de tamanho parecido.","Narmour (1990); Schellenberg (1997), Simplifying the Implication-Realization Model of Melodic Expectancy, Music Perception 14",https://www.researchgate.net/publication/230746009_Simplifying_the_Implication-Realization_Model_of_Melodic_Expectancy,teoria + experiências
G07,geral,canção (humana e de aves),todos,ritmo,"A última nota de uma frase tende a ser relativamente longa (alongamento final), como na fala; os contornos das frases são sobretudo em arco ou descendentes; há um viés para intervalos pequenos. Os autores atribuem-no à fisiologia da produção vocal.","A nota final de cada frase deve durar mais do que a média das notas da frase.","Tierney, Russo & Patel (2011), The motor origins of human and avian song structure, PNAS 108",https://www.pnas.org/doi/10.1073/pnas.1103882108,estudo de corpus
G08,geral,canção,todos,contorno,"Os contornos que descem no fim da frase são mais fáceis de produzir e predominam (declinação no fim da frase).","A nota final de cada frase deve ficar abaixo da altura média da frase.","Tierney, Russo & Patel (2011), PNAS 108",https://pmc.ncbi.nlm.nih.gov/articles/PMC3174665/,estudo de corpus
G09,geral,músicas do mundo (304 gravações),todos,repetição,"Universais estatísticos: pulsação isócrona, padrões motívicos (motivos que se repetem), intervalos pequenos; a música de grupo com pulsação regular tem mais motivos e frases repetitivos e está associada à dança.","Repetir motivos (sobretudo rítmicos); mais repetição na música de dança.","Savage, Brown, Sakai & Currie (2015), Statistical universals reveal the structures and functions of human music, PNAS 112(29)",https://www.pnas.org/doi/full/10.1073/pnas.1510724112,estudo comparativo transcultural
G10,geral,contraponto estrito (cantus firmus),todos,intervalos,"Cantus firmus: 8–16 notas; âmbito em geral dentro da oitava, às vezes até à 10.ª; começa e acaba na tónica, com a tónica final atingida por grau (2–1, às vezes 7–1); um só ponto culminante; saltos de 4.ª ou maiores seguidos de grau no sentido contrário; no máximo dois saltos seguidos e nunca dois saltos no mesmo sentido; sem notas repetidas seguidas.","Um só clímax; compensar os saltos ≥ 4.ª com grau contrário; não encadear saltos no mesmo sentido (a não ser que desenhem um acorde); acabar 2–1 ou 7–1.","Open Music Theory (Gotham et al.), Introduction to Species Counterpoint / Composing a cantus firmus",https://viva.pressbooks.pub/openmusictheory/chapter/species-counterpoint/,manual
G11,geral,polifonia do séc. XVI (estilo de Palestrina),4/4 (2/2),intervalos,"Nenhum salto maior do que a 5.ª, exceto a oitava e a 6.ª menor ascendente; nas missas de Palestrina a 6.ª menor ascendente aparece 814 vezes, a maior ascendente 54, as 6.as descendentes 8; saltos maiores do que a 5.ª compensados por grau contrário; valores rápidos (colcheias) só por grau; sem saltos grandes entre notas mais curtas do que a mínima.","Evitar 7.as, trítono e 6.as descendentes; compensar 6.as e 8.as por grau; notas rápidas por grau.","Jeppesen (1939), Counterpoint: The Polyphonic Vocal Style of the Sixteenth Century; resumo em Open Music Theory, 16th-Century Contrapuntal Style",https://viva.pressbooks.pub/openmusictheory/chapter/16th-century-contrapuntal-style/,tratado + contagem de corpus
G12,geral,estilo clássico,todos,forma,"Frase (sentence): ideia básica de 2 compassos sobre a tónica, repetida (às vezes transposta) = apresentação de 4 compassos; continuação com fragmentação em motivos de 1 compasso, ritmo mais ativo e cadência. Período: antecedente que acaba numa meia cadência e consequente que acaba numa cadência perfeita; ambos temas-tipo de 8 compassos.","Repetir a ideia dos c. 1–2 nos c. 3–4; fragmentar e acelerar depois; meia cadência a meio e cadência perfeita no fim.","Caplin (1998), Classical Form; Caplin (2013), Analyzing Classical Form",https://mtosmt.org/issues/mto.14.20.1/mto.14.20.1.aziz.html,teoria da forma (manual)
G13,geral,estilo clássico,todos,cadência,"A maior parte das melodias cadenciais do estilo clássico é convencional: descem por grau conjunto em valores iguais até à tónica (fórmulas 3–2–1, 5–4–3–2–1).","A melodia chega à cadência final por graus descendentes em valores iguais.","Hutchinson & Poon (2022), Cadential Melodies: Form-Functional Taxonomy and the Role of the Upper Voice, Music Theory Online 28.2",https://www.mtosmt.org/issues/mto.22.28.2/mto.22.28.2.hutchinsonpoon.html,análise de repertório
G14,geral,séc. XVIII,todos,forma,"Koch (1782–93): a frase de 4 compassos é a unidade básica; frases de igual comprimento dão a periodicidade mais equilibrada; os pontos de repouso (cadências) podem ser conclusivos ou inconclusivos (≈ cadência perfeita e meia cadência); dos 4 compassos passa-se a períodos de 8 e danças de 16.","Frases de 4 compassos agrupadas em 8 e 16; alternar repousos inconclusivos e conclusivos.","Koch (1782–1793), Versuch einer Anleitung zur Composition; introdução à tradução (NIFC)",https://musictreatises.nifc.pl/en/artykuly-wprowadzajace/14-heinrich-christoph-koch-versuch-einer-anleitung-zur-composition-t-i-wstep-do-przekladu-polskiego,tratado histórico
G15,geral,música tonal ocidental,todos,repetição,"Schoenberg: a repetição de motivos (ritmo, intervalos, contorno) dá coerência e compreensibilidade; a variação evita a monotonia (variação em desenvolvimento). Nos gráficos de contorno de Schoenberg a melodia começa num pico ou chega a ele e depois desce; para fazer de cadência a melodia ganha um contorno próprio que contrasta com o anterior.","Repetir motivos com variação (não cópias literais); um pico e descida para a cadência.","Schoenberg (1967), Fundamentals of Musical Composition",https://ia903208.us.archive.org/1/items/MusicTheoryGeorgeThaddeusJones1974/A.schoenberg-FundamentalsOfMusicalComposition_text.pdf,tratado
G16,geral,música tonal ocidental,todos,métrica,"Regra de preferência métrica 5a (comprimento): os tempos fortes coincidem com o início dos acontecimentos relativamente longos.","As notas longas começam em tempos fortes; as notas curtas nos tempos fracos.","Lerdahl & Jackendoff (1983), A Generative Theory of Tonal Music (MPR 5)",https://www.mtosmt.org/issues/mto.02.8.1/mto.02.8.1.dodson.html,teoria (gramática)
G17,estilo,música popular americana (1890–1939),4/4 e 2/4,ritmo,"A síncopa aumentou de 1,2 para quase 1,8 síncopas por compasso entre as décadas de 1890 e 1930; mudou a quantidade, não a variedade dos padrões sincopados.","Nos estilos populares americanos, uma a duas síncopas por compasso.","Huron & Ommen (2006), An Empirical Study of Syncopation in American Popular Music, 1890–1939, Music Theory Spectrum 28",https://www.researchgate.net/publication/249980433_An_Empirical_Study_of_Syncopation_in_American_Popular_Music_18901939,estudo de corpus
G18,estilo,rock (RS200),4/4,ritmo,"A síncopa mais comum no rock é a síncopa de antecipação (a nota chega uma colcheia ou semicolcheia antes do tempo); os ouvintes não a sentem como uma ameaça ao compasso.","No rock/pop, antecipar os tempos fortes (nota que começa antes do tempo e o atravessa).","Temperley (2018), The Musical Language of Rock (recensão de Heetderks, MTO 29.1)",https://mtosmt.org/issues/mto.23.29.1/mto.23.29.1.heetderks.html,estudo de corpus
G19,estilo,rock (RS200),4/4,escala,"Nas melodias do rock é muito frequente a escala 'pentatónica união' 1–2–♭3–3–4–5–6–♭7; o ♭3 e o 3 aparecem na mesma canção (divórcio melódico-harmónico: a melodia não segue a harmonia).","No rock/pop, permitir ♭3 e ♭7 numa tonalidade maior e favorecer os graus pentatónicos.","Temperley & de Clercq (2013), Statistical Analysis of Harmony and Melody in Rock Music, Journal of New Music Research",https://www.midside.com/publications/temperley_declercq_2013.pdf,estudo de corpus
E01,estilo,música tradicional irlandesa (todas as danças),vários,forma,"A maior parte das danças irlandesas tem duas partes (A e B) de 8 compassos, cada uma tocada duas vezes: AABB (32 compassos).","Duas partes de 8 compassos (A e B), cada uma repetida; o fim de cada parte na tónica.","McNeela Music, Understanding the Five Main Types of Irish Tunes; FolkWorks, Guide to Irish Tune Types",https://blog.mcneelamusic.com/understanding-the-five-main-types-of-irish-tunes/,guia de prática
E02,estilo,reel (Irlanda/Escócia),4/4 (2/2),ritmo,"O reel escreve-se em 4/4 mas sente-se em 2/2 (dois grupos de quatro colcheias); é feito sobretudo de colcheias seguidas, com acento no 1.º e no 3.º tempo; toca-se com tempos iguais, sem swing nem pontuado; forma binária AABB (às vezes ABAB).","Colcheias contínuas (≈ 2 notas por semínima), sem pontuados nem pausas; acentos nos tempos 1 e 3.","The Session, What is a reel? / How do you define a reel?; FolkWorks, Guide to Irish Tune Types",https://thesession.org/discussions/28927,guia de prática (comunidade)
E03,estilo,double jig (Irlanda),6/8,ritmo,"A double jig usa as seis colcheias do compasso: dois grupos de três colcheias por compasso ('hip-pet-y hop-pet-y').","Em 6/8, a maior parte dos tempos com três colcheias (≈ 3 notas por tempo).","FolkWorks, Guide to Irish Tune Types; Soundbrenner, Jig rhythm",https://folkworks.org/article/guide-to-irish-tune-types/,guia de prática
E04,estilo,single jig e slide (Irlanda),6/8 e 12/8,ritmo,"A single jig segue o padrão semínima + colcheia (duas vezes por compasso de 6/8; 'hump-ty dump-ty'); o slide é o mesmo em 12/8, com frases de quatro tempos.","Em 6/8 ou 12/8, a figura semínima + colcheia (longa-curta) na maior parte dos tempos.","FolkWorks, Guide to Irish Tune Types; The Session, What's the difference?",https://thesession.org/discussions/46600,guia de prática (comunidade)
E05,estilo,slip jig (Irlanda),9/8,ritmo,"A slip jig é uma jig em 9/8: três grupos de três colcheias ('ONE-la-li TWO-la-li THREE-la-li'); a hop jig é a versão em 9/8 da single jig, com pares semínima + colcheia.","Em 9/8, três colcheias por tempo na maior parte dos tempos; semínima + colcheia como variante.","FolkWorks, Guide to Irish Tune Types; Wikipedia, Slip jig",https://en.wikipedia.org/wiki/Slip_jig,guia de prática + enciclopédia
E06,estilo,hornpipe (Irlanda),4/4,ritmo,"O hornpipe escreve-se em 4/4 com pares colcheia pontuada + semicolcheia (tocados com um balanço de 2:1); a terminação de cada parte mais comum são três semínimas acentuadas ('pom-pom-pom').","Pares pontuados (colcheia pontuada + semicolcheia) na maior parte dos tempos; o último compasso de cada parte com três semínimas.","Strathspey list, Reels and Hornpipes; Úna, Irish Traditional Tune Types; Sean Reid Society Journal, Rhythm & structure in Irish traditional dance music",http://www.seanreidsociety.org/SRSJ1/Rhythm%20and%20structure%20in%20Irish%20traditional%20dance%20music.PDF,guia de prática + estudo
E07,estilo,strathspey (Escócia),4/4,ritmo,"O strathspey é uma dança em 4/4 com ritmos pontuados dos dois tipos: longo-curto (colcheia pontuada + semicolcheia) e curto-longo, o 'Scotch snap' (semicolcheia + colcheia pontuada), exagerados na execução; mais lento do que o reel, que costuma seguir-se-lhe.","Em 4/4, muitos pares pontuados e 'Scotch snaps' (semicolcheia + colcheia pontuada) nos tempos.","RSCDS, Strathspeys; Britannica, Strathspey; Wikipedia, Scottish fiddling",https://rscds.org/learn/music-resources/types-tunes/strathspeys,guia de prática + enciclopédia
E08,estilo,polca (Boémia; também Irlanda),2/4,ritmo,"A polca está em 2/4 moderadamente rápido (≈ 120–124 semínimas por minuto); o passo imita duas semicolcheias + colcheia ('quick quick slow'); frases regulares de 4 ou 8 compassos; forma de 4 temas (1A, 1B e um trio).","Em 2/4, figuras de colcheia e semicolcheias; frases de 4 compassos; o 1.º tempo acentuado.","New World Encyclopedia, Polka",https://www.newworldencyclopedia.org/entry/Polka,enciclopédia
E09,estilo,marcha militar,2/4 e 6/8,ritmo,"As marchas usam sobretudo 2/4 ou 4/4 (≈ 116–120 por minuto) e 6/8 nas marchas de balanço; ritmos pontuados frequentes; ênfase forte no tempo forte; cada secção tem 16 ou 32 compassos; a 1.ª parte começa no acorde da tónica e faz um período de duas frases de 8 compassos.","Pontuados, notas longas nos tempos fortes, início na tónica, frases de 4 e 8 compassos.","Wikipedia, March (music); B. Nelson, How To Compose A Traditional American Military/Quick-Step March",https://bnelsonmusic.wordpress.com/2023/04/02/how-to-compose-a-traditional-american-military-quick-step-march/,enciclopédia + guia de composição
E10,estilo,valsa (Viena),3/4,métrica,"A valsa está em 3/4 com o 1.º tempo acentuado (a valsa vienense adianta ligeiramente o 2.º tempo); o acompanhamento 'um-pa-pa'; ≈ 56–60 compassos por minuto.","Em 3/4, notas longas no 1.º tempo e poucas notas por compasso na melodia.","Hoffman Academy, Waltz Music; Ballroom Pages, Viennese Waltz Music",https://www.hoffmanacademy.com/blog/what-is-a-waltz-in-music,guia de prática
E11,estilo,gavota (barroco),4/4 (2/2),métrica,"A gavota está em 4/4 ou 2/2 moderado, com uma anacrusa de duas semínimas: as frases começam e acabam a meio do compasso (no 3.º tempo). Mattheson: o seu afeto é uma alegria jubilosa e o seu carácter é saltitante, não de passo.","Começar a meio do compasso (1.ª nota no 3.º tempo) e acabar as frases no 3.º tempo; saltos permitidos.","Wikipedia, Gavotte; L. Dias, Dance in Music: the Gavotte; Mattheson (1739), Der vollkommene Capellmeister",https://en.wikipedia.org/wiki/Gavotte,enciclopédia + tratado
E12,estilo,bourrée (barroco),4/4 (2/2),métrica,"A bourrée está em 2/2 e começa com uma anacrusa de uma semínima (a gavota tem meia medida); mais rápida do que a gavota; ritmo dactílico (longa-curta-curta); forma binária com frases simétricas; deve fluir mais ligada do que a gavota.","Anacrusa de uma semínima (1.ª nota no último tempo do 1.º compasso); figuras longa-curta-curta; frases iguais.","Wikipedia, Bourrée; Britannica, Bourrée; Mattheson (1739)",https://www.britannica.com/art/bourree,enciclopédia
E13,estilo,sarabanda (barroco),3/4,métrica,"A sarabanda é uma dança lenta em compasso ternário com ênfase no 2.º tempo (a 2.ª semínima muitas vezes pontuada); notas longas e ornamentadas e o mínimo possível de notas rápidas.","Em 3/4, uma nota longa (semínima pontuada ou mínima) a começar no 2.º tempo; poucas notas por tempo.","SF Conservatory of Dance, Sarabande music; The Listeners' Club, Exploring the Sarabande",https://sfconservatoryofdance.org/dance-music-glossary/sarabande-music/,glossário + divulgação
E14,estilo,minueto (barroco/clássico),3/4,forma,"O minueto está em 3/4 moderado (ou 3/8), em forma binária AA–BB (repetições por vezes variadas), com frases de 4, 8 ou 16 compassos para os passos da dança coincidirem com a música. Ratner: o motivo típico do minueto são três semínimas na mesma nota.","Em 3/4, frases de 4 compassos agrupadas em 8; semínimas e colcheias; três semínimas repetidas como motivo.","Britannica, Minuet; Ratner (1980), Classic Music: Expression, Form, and Style",https://www.britannica.com/art/minuet,enciclopédia + teoria dos tópicos
E15,estilo,siciliana,6/8 e 12/8,ritmo,"Dança italiana lenta, em geral em modo menor, em 6/8 ou 12/8, com a figura característica colcheia pontuada + semicolcheia + colcheia; frases curtas, melodia lírica, carácter pastoral e melancólico; sexta napolitana nas cadências.","Em 6/8 ou 12/8, a figura pontuada (colcheia pontuada, semicolcheia, colcheia) em muitos tempos; andamento lento; modo menor.","Merriam-Webster, Siciliano; Wikipedia, Siciliana; Arizona repository, History and Performance of the Siciliana Dance Style",https://en.wikipedia.org/wiki/Siciliana,enciclopédia + dissertação
E16,estilo,giga (barroco),6/8 e 12/8,intervalos,"A giga é rápida, em compasso composto (6/8, 12/8; a giga italiana em 12/8, a francesa também em 3/8 e 6/4, com ritmos pontuados); linhas melódicas saltitantes e enérgicas; contraponto imitativo no início.","Em 6/8 ou 12/8, colcheias contínuas com saltos frequentes (arpejos).","Oxford Reference, Gigue; Vaia, Bach Gigue",http://baroquedanceformusicians.com/Gigue_files/Gigue%20-%20Oxford%20Reference%20Online.pdf,enciclopédia
E17,estilo,tópicos do estilo clássico,vários,forma,"Ratner (1980): os tópicos são figuras características vindas da dança, da igreja, do teatro, da caça e do exército; o minueto, a sarabanda e a gavota eram do estilo elevado, a bourrée e a giga do médio, a contradança e o Ländler do baixo; a marcha tem compasso binário moderadamente rápido, ritmos pontuados e maneira ousada; o siciliano usa colcheia pontuada + semicolcheia + colcheia em 6/8 lento.","Cada tópico traz compasso, andamento e figura rítmica próprios.","Ratner (1980), Classic Music: Expression, Form, and Style (resumo em idoc.pub)",https://idoc.pub/documents/classic-music-expression-form-and-style-topics-leonard-g-ratner-x4e6ejrw1mn3,teoria dos tópicos
E18,estilo,coral (Bach),4/4,intervalos,"As melodias dos corais de Bach são simples e sobretudo por grau conjunto, com saltos ocasionais compensados por grau no sentido contrário; o fim de cada frase marca-se com uma fermata; a voz de cima cai muitas vezes por grau para a tónica.","Maioria de graus conjuntos; saltos compensados; frases curtas com nota longa (fermata) no fim, atingida por grau descendente.","de Clercq (2013), How Melody Engenders Cadence in the Chorales of J. S. Bach: A Corpus Study (2124 fermatas); Oxford, Harmonising a chorale melody",https://www.midside.com/presentations/declercq_2013_mwmc_text.pdf,estudo de corpus + manual
E19,estilo,canção de embalar (várias culturas),6/8 e 3/4 (também 2/4),contorno,"Nas gravações de muitas culturas, as canções com mais contornos descendentes e menos mudanças de sentido são reconhecidas como canções de embalar; são simples, repetitivas, com ritmo simples, maioria de graus conjuntos e andamento lento.","Poucas mudanças de sentido, contornos descendentes, graus conjuntos, repetição, notas lentas.","Unyk, Trehub, Trainor & Schellenberg (1992), Lullabies and Simplicity: A Cross-Cultural Perspective, Psychology of Music 20; Trehub, Unyk & Trainor (1993)",https://journals.sagepub.com/doi/10.1177/0305735692201002,estudo transcultural + experiências
E20,estilo,canções de embalar e de dança (86 sociedades),vários,andamento,"As canções de dança são uniformemente mais rápidas do que as de embalar; as de embalar são mais suaves, com intervalos melódicos mais pequenos do que as canções de amor; todas as culturas mostram tonalidade (um pequeno conjunto de notas à volta de uma nota base).","Canção de embalar: intervalos pequenos, andamento lento. Dança: andamento rápido, pulsação regular.","Mehr, Singh et al. (2019), Universality and diversity in human song, Science 366",https://projects.iq.harvard.edu/files/epl/files/mehr_et_al_2019_science.pdf,estudo transcultural (NHS Discography)
E21,estilo,canções infantis (método Kodály),2/4,escala,"O primeiro intervalo que as crianças cantam é a 3.ª menor sol–mi (o chamamento); juntam-se depois lá, dó e ré (pentatónica); âmbito estreito; canções de jogo simples e repetitivas.","Âmbito estreito (≤ 6.ª), escala pentatónica, a 3.ª menor sol–mi e o motivo sol–lá–sol–mi, muita repetição.","Kodály: Classical Music, Kodály method; MENZA, Singing the Kodály way",https://menza.co.nz/wp-content/uploads/2013/05/Kodaly-Overview-for-MENZA.pdf,pedagogia (guia)
E22,estilo,blues (12 compassos),4/4,forma,"O blues de 12 compassos segue a forma AAB: um verso de 4 compassos, a sua repetição (com pequena variação, sobre outra harmonia) e uma resposta; em cada verso o cantor canta do 1.º tempo do c. 1 até cerca do 1.º tempo do c. 3 e um instrumento responde no resto (chamada e resposta); a melodia usa a escala de blues 1, ♭3, 4, ♭5, 5, ♭7.","Frases de 4 compassos em AAB; cada frase canta 2 compassos e deixa ≈ 2 de pausa; notas ♭3 e ♭7 permitidas numa tonalidade maior.","Musicwill, Composing a 12 Bar Blues Song; LibreTexts, Popular Music: The Blues; Motifkit, Call and Response",https://human.libretexts.org/Courses/Western_Washington_University/Popular_Music_(Smith)/01:_Readings/1.03:_The_Blues,manual + guia
E23,estilo,jazz (bebop),4/4,intervalos,"O bebop tem linhas angulosas com saltos grandes, notas de passagem cromáticas e contorno que desenha a harmonia; os solistas evitam resolver as frases nos tempos esperados. Na Weimar Jazz Database (456 solos) as colcheias de swing são pouco desiguais (1,3:1 em média).","Linhas de colcheias com cromatismo de passagem, saltos de arpejo e fins de frase fora do tempo forte.","EBSCO Research Starters, Bebop; Corcoran & Frieler (2021), Playing It Straight: Analyzing Jazz Soloists' Swing Eighth-note Distributions with the Weimar Jazz Database, Music Perception 38(4)",https://online.ucpress.edu/mp/article-abstract/38/4/372/116701/Playing-It-StraightAnalyzing-Jazz-Soloists-Swing,enciclopédia + estudo de corpus
E24,estilo,pop,4/4,forma,"Os refrões são em regra mais agudos do que as estrofes e têm um ritmo melódico mais lento; a repetição do refrão e do gancho (hook) está associada a melhor posição nas tabelas; as frases repetem-se em blocos de 4 ou mais compassos.","Repetição de frases (ganchos) de 2–4 compassos; síncopas de antecipação; âmbito moderado.","Van Balen et al. (2013), An Analysis of Chorus Features in Popular Song, ISMIR; Dai, Zhang & Dannenberg (2020), What is missing in deep music generation? A study of repetition and structure in popular music",https://webspace.science.uu.nl/~veltk101/publications/art/ismir2013-chorus.pdf,estudo de corpus
E25,estilo,habanera e tango antigo,2/4,ritmo,"O ritmo de habanera é colcheia pontuada + semicolcheia + duas colcheias (longa–curta–longa–longa), em 2/4; passou ao tango pela milonga; os tangos de 1900–1920 estão em 2/4; outra figura típica é a 'síncopa' semicolcheia–colcheia–semicolcheia.","Em 2/4, a figura pontuada da habanera e a síncopa semicolcheia–colcheia–semicolcheia nos tempos.","The Sound Atlas, Habanera; College Music Symposium, The Allure of Tango; Wikipedia, Milonga (music)",https://symposium.music.org/47/item/2241-the-allure-of-tango-grafting-traditional-performance-practice-and-style-onto-art-tangos.html,divulgação + artigo
E26,estilo,mazurca (Polónia),3/4,métrica,"A mazurca é uma dança em compasso ternário, em geral viva, com acentos fortes colocados de forma irregular no 2.º ou no 3.º tempo; antes de duas semínimas aparece quase sempre uma tercina, um trilo, um par pontuado ou um par de colcheias; duas notas curtas no início e duas longas no fim da frase.","Em 3/4, par pontuado ou de colcheias no 1.º tempo e semínimas nos tempos 2–3; nota longa/acentuada no 2.º ou 3.º tempo.","Wikipedia, Mazurka; Britannica, Mazurka; Liberty University (tese), Analysis of Chopin's Mazurkas",https://www.britannica.com/art/mazurka,enciclopédia + tese
E27,estilo,polonesa,3/4,ritmo,"A polonesa é uma dança de cortejo em 3/4 moderado: colcheia + duas semicolcheias no 1.º tempo e depois quatro colcheias; a fórmula cadencial são quatro semicolcheias seguidas de duas semínimas, com final feminino (a tónica no 2.º tempo).","Em 3/4, a figura colcheia + duas semicolcheias no 1.º tempo; as frases acabam no 2.º tempo.","USC Polish Music Center, Polonaise (Polonez); Study.com, Polonaise",https://polishmusic.usc.edu/research/dances/polonaise/,enciclopédia especializada
E28,estilo,tarantela (Nápoles),6/8 e 3/8,ritmo,"A tarantela é rápida, quase sempre em 6/8 ou 3/8, com um fluxo contínuo de colcheias; oscila muitas vezes entre menor e maior; muitas tarantelas tradicionais estão em lá menor.","Em 6/8, três colcheias por tempo quase sempre (fluxo contínuo); modo menor com passagens ao maior.","Wikipedia, Tarantella; Stalybridge Music Academy, The Tarantella",https://en.wikipedia.org/wiki/Tarantella,enciclopédia + divulgação
E29,estilo,vira (Minho),6/8 (ou 3/4),métrica,"O vira é uma dança do Minho em 6/8 (ou 3/4), com um ritmo de três passos parecido com a valsa mas mais rápido; os pares dançam frente a frente.","Em 6/8, pulsação ternária viva; figura semínima + colcheia e três colcheias.","Wikipedia, Vira (dance); Portugal.com, Let's learn about Portuguese folk dance",https://en.wikipedia.org/wiki/Vira_(dance),enciclopédia + divulgação
E30,estilo,malhão e corridinho,2/4,métrica,"O malhão (Minho) é uma dança de roda em 2/4; o corridinho (Algarve) tem compasso binário vivo com o balanço da polca; as melodias tradicionais portuguesas são diatónicas e muitas vezes modais (mixolídio, dórico), com padrões rítmicos fortes para a dança.","Em 2/4, colcheias e semicolcheias como na polca; frases de 4 compassos.","Wikipedia, Malhão; Wikipedia, Corridinho; Melodigging, Portuguese Folk Music",https://en.wikipedia.org/wiki/Corridinho,enciclopédia
E31,estilo,canção popular portuguesa,2/4 3/4 6/8,forma,"A quadra é o suporte predominante da melodia na canção popular portuguesa (estrutura estrófica); Lopes-Graça distingue canções modais (mixolídio, frígio, eólio), um grupo maioritário de canções tonais maior-menor e canções cromáticas.","Quatro frases por estrofe (uma por verso da quadra); modo maior/menor ou modal.","Lopes-Graça, A Canção Popular Portuguesa (texto de introdução, 2006); Giacometti & Lopes-Graça (1981), Cancioneiro Popular Português",https://www.researchgate.net/publication/282704050_A_cancao_popular_portuguesa_em_F_Lopes-Graca_texto_de_Introducao_Lisboa_Caminho2006,estudo etnomusicológico
E32,estilo,fado,2/4 e 4/4,cadência,"O fado usa tonalidade maior ou menor, às vezes alternando entre as duas; o fado menor é lento e em menor (menor harmónico, com a sensível); o fado corrido é em maior e rápido, em 2/4; o cantor usa rubato e prolonga a nota no fim da frase; os textos em quadras ou décimas, cada estrofe uma frase musical completa.","Frases de 4 versos; nota longa no fim de cada frase (suspensão); menor harmónico no fado menor.","Wikipedia, Fado; Sergl, O Fado: características melódicas, rítmicas e de performance (III Encontro MusiMid)",http://www.musimid.mus.br/3encontro/files/pdf/Marcos%20Julio%20Sergl.pdf,estudo + enciclopédia
E33,estilo,hino (métrica comum 8.6.8.6),4/4 e 3/4,forma,"A métrica comum (8.6.8.6) tem quatro versos por estrofe, alternando tetrâmetro e trímetro iâmbicos; a maior parte começa num tempo fraco (anacrusa) com sílaba átona.","Quatro frases; anacrusa de um tempo; uma nota por sílaba (≈ uma nota por tempo).","Hymncharts, How to Use a Hymnal's Metrical Index; Hymnary.org",https://hymncharts.com/2023/06/15/how-to-use-a-hymnals-metrical-index/,guia
E34,estilo,danças irlandesas (andamentos),vários,andamento,"Em competição (CLRG): reel 113 (iniciados 122), light jig 115, single jig 124, slip jig 113 (iniciados 122), treble jig 73 (iniciados 92); nas sessões: reels ≈ 120, jigs ≈ 135, polcas e slides 145–150, hornpipes ≈ 100. As fontes contam o andamento de maneiras diferentes (compassos, tempos ou meios compassos por minuto).","Andamento de reprodução sugerido por estilo (valor típico, a confirmar pelo ouvido).","Wikipedia, Slip jig; The Session, Tempo for dances; FolkWorks, Guide to Irish Tune Types",https://thesession.org/discussions/48896,guia de prática (comunidade)
E35,estilo,barroco (Fortspinnung),4/4 (também 3/4),repetição,"Fischer (1915): o período barroco do tipo Fortspinnung tem Vordersatz (gesto inicial que afirma a tónica), Fortspinnung (continuação, em geral por sequências — sobretudo sequências por grau sobre o ciclo de quintas) e Epilog (a cadência).","Depois da ideia inicial, repetir uma figura transposta por grau (sequência) e acabar com uma cadência.","Wikipedia, Fortspinnung; Fischer (1915), Zur Entwicklungsgeschichte des Wiener klassischen Stils",https://en.wikipedia.org/wiki/Fortspinnung,teoria da forma
E36,estilo,tópicos: caça e pastoral,6/8 e 12/8,intervalos,"Tópico de caça: fanfarras de trompa em arpejo (tríade), 'quintas de trompa', notas repetidas, 6/8, andamento vivo; tópico pastoral/musette: baixo sustentado (bordão) numa nota ou numa quinta, terceiras paralelas.","Caça: arpejos da tríade e notas repetidas em 6/8. Pastoral: 6/8 ou 12/8 lento, graus conjuntos sobre uma nota pedal.","Monelle (2006), The Musical Topic: Hunt, Military and Pastoral; Ratner (1980)",https://www.researchgate.net/publication/291908103_The_musical_topic_Hunt_military_and_pastoral,teoria dos tópicos
E37,estilo,alemanda (barroco),4/4,ritmo,"A alemanda está em 4/4 moderado, com uma anacrusa curta (em geral uma semicolcheia) e semicolcheias contínuas, muitas vezes imitadas entre as vozes (textura polifónica).","Em 4/4, anacrusa de uma semicolcheia e semicolcheias contínuas (≈ 4 notas por tempo).","Wikipedia, Allemande; SFCV, Allemande",https://en.wikipedia.org/wiki/Allemande,enciclopédia
E38,estilo,passepied (barroco),3/8,métrica,"O passepied é a mais rápida das danças ternárias da época, em geral em 3/8 (às vezes 6/8 ou 3/4), com as frases a começar no último tempo do compasso; carácter vivo, quase frívolo (Mattheson).","Em 3/8, colcheias vivas; frases que começam no último tempo (anacrusa).","Wikipedia, Passepied; Mattheson (1739)",https://en.wikipedia.org/wiki/Passepied,enciclopédia + tratado
E39,estilo,contradança,2/4 e 6/8,forma,"A contradança (de origem inglesa, em França desde 1715–23) tem carácter vivo, escreve-se em 2/4 ou 6/8 e é feita uniformemente de frases de oito compassos, cada uma em regra repetida.","Frases de 8 compassos repetidas, em 2/4 ou 6/8.","Grove (1900), A Dictionary of Music and Musicians: Contredanse (Wikisource); Neumeyer (2006), MTO 12.4",https://en.wikisource.org/wiki/A_Dictionary_of_Music_and_Musicians/Contredanse,dicionário histórico
E40,estilo,Ländler,3/4,métrica,"O Ländler é uma dança de pares da Baviera e da Áustria alpina, em 3/4 vivo, de carácter rústico; antecessor da valsa.","Em 3/4, como a valsa mas com mais notas e carácter rústico (arpejos, repetição).","Britannica, Ländler",https://www.britannica.com/art/Landler,enciclopédia
E41,estilo,canto gregoriano,sem compasso,intervalos,"O canto gregoriano move-se sobretudo por grau (terceiras frequentes) num âmbito estreito (em geral uma 7.ª ou uma oitava); os recitativos giram à volta de uma nota de recitação; ritmo livre, sem compasso nem barras de compasso; o modo define-se pela nota final.","Não se codifica: o gerador trabalha sempre com compasso. Os graus conjuntos e o âmbito estreito já estão nas regras gerais.","New World Encyclopedia, Gregorian chant; Britannica, Gregorian chant",https://www.newworldencyclopedia.org/entry/Gregorian_chant,enciclopédia
E42,estilo,canção popular alemã vs. chinesa,vários,intervalos,"Em 39 863 frases de canções germânicas os intervalos diminuem ao longo da frase (maiores no início, mais pequenos no fim; compatível com a anacrusa); em 10 985 frases chinesas a relação inverte-se (o intervalo mais pequeno no início, intervalos grandes mais tarde).","Canção popular europeia: intervalos mais pequenos no fim da frase do que no início.","Shanahan & Huron (2011), Interval Size and Phrase Position: A Comparison between German and Chinese Folksongs, Empirical Musicology Review 6(4)",https://citeseerx.ist.psu.edu/viewdoc/download?doi=10.1.1.722.5154&rep=rep1&type=pdf,estudo de corpus
E43,estilo,canção popular chinesa (Han),vários,escala,"As canções populares Han usam muito a escala pentatónica anemitónica dó–ré–mi–sol–lá (gong, shang, jue, zhi, yu), sem meios-tons; o histograma de alturas tem forma de sino.","Só os cinco graus da pentatónica (sem 4.º nem 7.º graus); sem meios-tons.","Liu, Jiang, Gamboa, Xue & Schultz (2022), Bell Shape Embodying Zhongyong: The Pitch Histogram of Traditional Chinese Anhemitonic Pentatonic Folk Songs, Applied Sciences 12",https://www.mdpi.com/2076-3417/12/16/8343,estudo de corpus
E44,estilo,música tradicional irlandesa (escalas),vários,escala,"Mais de 90 % das melodias usam as notas das escalas de Ré ou Sol (com os modos mixolídio, dórico e eólio); muitas usam escalas com lacunas de cinco ou seis notas (pentatónicas, hexatónicas).","Diatónicas, modais ou com lacunas; âmbito de instrumentos como o whistle (≈ Ré4–Si5).","The Session, Common Fiddle Scales; Grey Larsen, A Brief Explanation of Modal Scales",https://greylarsen.com/FreeDownloads/A_Brief_Explanation_of_Modal_Scales.pdf,guia de prática
E45,estilo,pop (1960–2019),4/4,registo,"Em mais de 1500 melodias pop de 1960 a 2019 só o âmbito e a repetição mudaram de forma significativa: as melodias recentes têm âmbito maior e um pouco mais de repetição.","Pop: repetição alta de frases; âmbito até cerca de uma oitava e meia.","Clark & Arthur (2023), Is Melody 'Dead?': A Large-scale Analysis of Pop Music Melodies from 1960 through 2019",https://www.researchgate.net/publication/375542323_Is_Melody_Dead_A_Large-scale_Analysis_of_Pop_Music_Melodies_from_1960_through_2019,estudo de corpus
E46,estilo,canção de embalar,6/8 e 3/4,métrica,"As canções de embalar são quase sempre lentas, com melodias simples e consonantes e ritmos repetitivos de balanço; o compasso ternário e o 6/8 (dois tempos de três colcheias) são especialmente comuns.","Preferir 6/8 ou 3/4; figuras longa-curta (semínima + colcheia) de balanço.","Kiddle, Lullabies facts; Hoffman Academy, 6/8 Time Signature",https://kids.kiddle.co/Lullabies,divulgação
E47,estilo,marcha e fanfarra (clarim),2/4 4/4 6/8,intervalos,"O clarim natural só produz as notas da série harmónica (dó–sol–dó–mi–sol): os toques são arpejos da tríade maior, com saltos de 4.ª e 5.ª e ritmos claros; as fanfarras baseiam-se na tríade maior com 'ritmos pontuados heroicos'.","Marcha/fanfarra: muitos saltos que desenham a tríade da tónica (arpejos) e ritmos pontuados.","Britannica, Bugle; Wikipedia, Fanfare; Stalybridge Music Academy, Bugle Calls",https://www.britannica.com/art/bugle,enciclopédia
F01,estilo,fado,2/4 e 4/4,forma,"Ernesto Vieira (1890) descreve o fado como um período de oito compassos em 2/4, em dois membros iguais e simétricos; preferência pelo modo menor, modulando muitas vezes ao maior; acompanhamento arpejado só com tónica e dominante, alternadas de dois em dois compassos.","Estrofe de quatro versos em forma AABB, um verso por cada dois compassos de 4/4 (quatro de 2/4); cadências alternadas entre dominante e tónica.","Vieira (1890), Diccionario Musical, citado pelo Projeto Fado (FCSH-NOVA) e por Videira & Rosa (2017)",https://fado.fcsh.unl.pt/projecto/objectivos/,definição histórica
F02,estilo,fado,2/4 e 4/4,forma,"O verso mais comum é a redondilha maior (7 sílabas) em quadras; cada verso é cantado sobre dois compassos, alternando tónica e dominante; figuras sincopadas frequentes na melodia e no acompanhamento; andamento predominantemente Andante.",Versos de cerca de 7 a 12 notas separados por respirações; síncopas em vez de ritmos sempre no tempo.,"Sergl, O Fado: características melódicas, rítmicas e de performance (III Encontro MusiMid)",http://www.musimid.mus.br/3encontro/files/pdf/Marcos%20Julio%20Sergl.pdf,análise musicológica
F03,estilo,fado,2/4 e 4/4,harmonia,"Nos esquemas harmónicos de 11 fados (fadado/fado-scores), os dois primeiros versos fazem i–V7 e V7–i; no terceiro o fado sai para a subdominante (I7–iv) ou para a relativa maior (VII7–III); todos rematam com i V7 i. A tónica é o repouso do fim da estrofe.","Os versos ímpares acabam suspensos (notas do acorde de dominante), os pares no acorde de tónica, e só o último na tónica.","Ordinas Rosa, fado-scores (LilyPond, domínio público); resumo em results/fado/harmonias.csv",https://github.com/fadado/fado-scores,esquemas harmónicos (11 fados)
F04,estilo,fado,2/4 e 4/4,frase,"Em cinco fados reais, a última nota de cada verso dura 2 a 4,7 vezes a média das outras (no corpus de 5727 melodias em 2/4 e 4/4: mediana 1,8, P90 2,6); o âmbito vai de 13 a 20 meios-tons; 0,6 a 1,7 notas por tempo, menos do que no corpus (mediana 1,6).","A nota suspensa do fim do verso é a marca do fado: 2,2 a 5 vezes mais longa do que as outras notas do verso.","Estudo deste projeto: tools/fado_study.mjs, results/fado/medidas-verso.csv e results/fado.md",https://github.com/fadado/fado-scores,estudo de corpus (5 fados)
F05,estilo,fado,2/4 e 4/4,ritmo,"Nos fados reais as pausas (respirações entre versos) ocupam 2 % a 25 % do tempo, no percentil 97 do corpus (P90 do corpus: 7 %); na versão cantada de Coimbra passam de 2 % na partitura para 18 %.",Respirações entre os versos: 6 % a 22 % do tempo em pausas (fado triste).,Estudo deste projeto: results/fado/comparacao.csv e cantado.csv,https://github.com/fadado/fado-scores,estudo de corpus (5 fados)
F06,estilo,fado,2/4 e 4/4,métrica,"Os fados têm 0,2 a 0,56 síncopas por compasso (percentil 99 do corpus, cujo P90 é 0,06); a nota longa do fim do verso começa antes do tempo em até 83 % dos versos (Fado Alberto), contra 0 % na mediana do corpus. A regra geral «notas longas no tempo» (Lerdahl & Jackendoff) falha nos fados.","Síncopas entre 0,15 e 0,7 por compasso; parte das notas suspensas antecipadas meio tempo; a regra das notas longas no tempo fica aliviada.",Estudo deste projeto: results/fado/medidas-verso.csv,https://github.com/fadado/fado-scores,estudo de corpus (5 fados)
F07,estilo,fado,2/4 e 4/4,interpretação,"Comparando a partitura de Coimbra com a transcrição de como é cantada: a fadista «estila» — síncopas de 0 para 0,56 por compasso, antecipações das notas longas de 0 % para 19 %, respirações de 2 % para 18 % do tempo, notas repetidas de 28 % para 36 %; as semínimas regulares tornam-se ritmo de fala.","As regras descrevem o fado cantado (estilado), não a melodia nua da partitura.",Estudo deste projeto: results/fado/cantado.csv (transcrição de fadado/fado-scores),https://github.com/fadado/fado-scores,comparação partitura/interpretação
F08,estilo,fado,2/4 e 4/4,intervalos,"Nos fados, 8 % a 41 % dos intervalos são notas repetidas (recitação silábica; corpus: mediana 16 %) e 67 % a 76 % dos graus conjuntos descem (percentil 83 do corpus).",Recitação: 15 % a 42 % de notas repetidas; a maioria dos graus a descer.,Estudo deste projeto: results/fado/comparacao.csv,https://github.com/fadado/fado-scores,estudo de corpus (5 fados)
F09,estilo,fado,2/4 e 4/4,cadência,Em 24 % a 83 % dos versos dos fados a nota suspensa é alcançada por um grau descendente (o «suspiro»; corpus: mediana 33 % com as frases definidas da mesma maneira); os fins de verso em ♭6 que resolvem no 5.º (apojatura) aparecem no Fado Pagem e na versão cantada de Coimbra.,Chegar à nota suspensa por grau descendente em pelo menos 40 % dos versos.,Estudo deste projeto: results/fado/frases.csv,https://github.com/fadado/fado-scores,estudo de corpus (5 fados)
F10,estilo,fado,2/4 e 4/4,cadência,"Nos fados, os versos antes do último acabam na tónica em 0 % (Adiça, Alberto) a 33 % (Coimbra) das vezes, com uma exceção (Marujo, 67 %): o repouso fica guardado para o fim da estrofe.",No máximo um terço dos versos não finais acaba na tónica.,Estudo deste projeto: results/fado/medidas-verso.csv,https://github.com/fadado/fado-scores,estudo de corpus (5 fados)
F11,estilo,fado,2/4 e 4/4,ritmo,"Notas rápidas seguidas são raras no fado (corridas de três ou mais semicolcheias: 0 a 0,16 por compasso), mas aparecem nos ornamentos de Amália Rodrigues (pequenos melismas sobre uma sílaba); no Fado Alberto todas as corridas levam a uma nota longa.","Poucas corridas de notas rápidas; quando aparecem, como ornamento que leva à nota suspensa.","Itaú Cultural, Amália Rodrigues; observação do utilizador; estudo deste projeto (results/fado/medidas-verso.csv)",https://enciclopedia.itaucultural.org.br/pessoas/62557-amalia-rodrigues,análise de estilo + estudo de corpus
F12,estilo,fado,todos,voz,"Em 104 fadistas, o vibrato tem 5,2 a 6,8 Hz e uma amplitude de 0,28 a 0,59 meio-tom; voz grave, rouca e tensa; o formante do cantor raramente aparece.","No fado, vibrato estreito (cerca de 0,3 meio-tom, 5,6 Hz) nas notas longas da voz.","Mendes et al. (2013), Acoustic and Phonatory Characterization of the Fado Voice, Journal of Voice 27(5)",https://www.sciencedirect.com/science/article/abs/pii/S0892199712001622,estudo acústico (104 cantores)
F13,estilo,fado,todos,dinâmica,"A intensidade da voz no fado varia muito, com quedas de dinâmica bruscas ou ênfase em certas palavras; a última estrofe é anunciada por uma suspensão na nota mais alta da frase, e a voz retoma com ênfase, ligeira aceleração e crescendo, com as guitarras em forte.","No fado, dinâmica por verso: ápice acentuado, nota suspensa que se apaga, nota de dor acentuada, última estrofe mais forte.","Sergl, O Fado: características melódicas, rítmicas e de performance (III Encontro MusiMid)",http://www.musimid.mus.br/3encontro/files/pdf/Marcos%20Julio%20Sergl.pdf,análise musicológica
F14,estilo,fado alegre,2/4 e 4/4,carácter,"O Fado Corrido (maior, rápido) é o fado tradicional associado à dança e transmite alegria; o Mouraria é maior e moderado, de saudade serena; fados-canção como «Uma Casa Portuguesa» e «A Casa da Mariquinhas» cantam a casa, o bairro e o saber receber.","Fado alegre: modo maior, andamento vivo, notas longas no tempo (dança), menos respirações e menos suspensões do que no fado triste.","Porto Fado, O que é o Fado Tradicional; Cantar Mais, Fado Corrido; Museu do Fado, Alfredo Marceneiro",https://portofado.com/blog/2026/06/o-que-e-fado-tradicional/,descrição de estilo
F15,geral,canto (vários estilos),todos,dinâmica,"Na voz cantada, a tristeza e a ternura têm intensidade e variação dinâmica baixas; a raiva, a alegria e o orgulho têm intensidade alta.",O fado alegre canta-se mais forte do que o triste; o triste reserva o forte para o ápice.,"Scherer, Sundberg, Fantini, Trznadel & Eyben (2017), The expression of emotion in the singing voice, JASA 142(4)",https://pubs.aip.org/asa/jasa/article/142/4/1805/852940/The-expression-of-emotion-in-the-singing-voice,estudo acústico
