k,fadoMin,fadoMed,fadoMax,p10,p50,p90,pct
"density",0.6043,1.0701,1.7383,0.9375,1.5914,2.2592,0.1907
"meanDur",0.5591,0.7054,1.6190,0.4348,0.6154,1.0370,0.6326
"quick",0.0000,0.2024,0.5857,0.0000,0.0460,0.5166,0.7122
"fast",0.0000,0.0000,0.0571,0.0000,0.0000,0.0000,0.0000
"tripletEighth",0.0000,0.0000,0.4714,0.0000,0.0000,0.0000,0.0000
"eighth",0.0000,0.4624,0.5625,0.1154,0.5532,0.8504,0.3843
"quarter",0.1613,0.2000,0.7143,0.0265,0.1852,0.6944,0.5235
"long",0.0215,0.0893,0.2857,0.0000,0.0000,0.1154,0.8532
"restShare",0.0216,0.1077,0.2452,0.0000,0.0000,0.0714,0.9740
"quickRunsPerBar",0.0000,0.0000,0.9697,0.0000,0.0000,0.2581,0.0000
"quickRunMax",0.0000,0.0000,6.0000,0.0000,0.0000,6.0000,0.0000
"runIntoLong",0.0000,0.0833,0.1667,0.0000,0.0000,0.0000,0.9087
"syncPerBar",0.0000,0.4331,0.4860,0.0000,0.0000,0.0625,0.9859
"longAnticipated",0.0000,0.0000,1.0000,0.0000,0.0000,0.0000,0.0000
"repeats",0.0820,0.2617,0.3676,0.0404,0.1563,0.3571,0.7573
"steps",0.3443,0.4559,0.5436,0.2815,0.4821,0.6881,0.4381
"thirds",0.1324,0.2000,0.3770,0.0667,0.1923,0.3485,0.5238
"leaps",0.0403,0.1000,0.1967,0.0400,0.1176,0.2500,0.3967
"stepDown",0.6667,0.7284,0.7647,0.3908,0.5714,0.7903,0.8304
"leapRecovered",0.0000,0.0833,0.6667,0.0000,0.2000,0.6000,0.3527
"maxLeap",5.0000,7.0000,10.0000,5.0000,9.0000,12.0000,0.2129
"range",13.0000,13.0000,20.0000,9.0000,14.0000,19.0000,0.3859
"chromatic",0.0000,0.0119,0.0476,0.0000,0.0000,0.0417,0.7830
"leadingTone",0.0000,0.0179,0.0714,0.0000,0.0000,0.0000,0.9499
"phraseNotes",7.6364,11.5000,23.2500,10.8000,31.0000,112.0000,0.1173
"phraseBeats",5.3864,7.1667,34.0000,7.5000,21.0000,64.0000,0.0770
"phraseStartsOff",1.0000,1.0000,1.0000,0.0000,1.0000,1.0000,0.4198
"phraseLastLongest",0.7500,0.9545,1.0000,0.0000,1.0000,1.0000,0.4494
"phraseLastRatio",2.7992,3.1606,4.8333,1.0249,1.8333,3.0506,0.9130
"phraseLastAnticipated",0.0000,0.3636,0.8333,0.0000,0.0000,0.0000,0.9169
"phraseRecite",0.2409,0.3326,0.4797,0.1905,0.2811,0.4007,0.7231
"phraseFalls",0.2500,0.6250,0.6667,0.0000,0.4000,1.0000,0.6510
"phraseTopAt",0.2329,0.3315,0.7017,0.0833,0.3810,0.6856,0.4171
"phraseLastStepDown",0.2500,0.6818,0.8333,0.0000,0.3333,1.0000,0.6950
"phraseRestAfter",0.5000,0.9167,1.8333,0.5000,0.8333,1.0000,0.5162
