title,k,notes,beats,startPos,startsOffDownbeat,lastDur,lastIsLongest,lastRatio,lastPos,lastAnticipated,lastDegree,lastStable,intoLast,contour,topAt,top,ambitus,recite,restAfter
"Fado Adiça",0.0000,8.0000,6.0000,1.0000,"true",2.0000,"true",3.5000,1.0000,"false","6","false",-5.0000,-7.0000,0.5625,77.0000,8.0000,0.5000,0.5000
"Fado Adiça",1.0000,8.0000,7.5000,3.5000,"true",2.0000,"true",2.5455,1.0000,"false","5","true",-5.0000,-7.0000,0.1875,77.0000,10.0000,0.2500,2.0000
"Fado Adiça",2.0000,8.0000,6.0000,1.0000,"true",2.0000,"true",3.5000,1.0000,"false","6","false",-5.0000,-7.0000,0.5625,77.0000,8.0000,0.5000,0.5000
"Fado Adiça",3.0000,8.0000,7.5000,3.5000,"true",2.0000,"true",2.5455,1.0000,"false","5","true",-5.0000,-7.0000,0.1875,77.0000,10.0000,0.2500,0.5000
"Fado Adiça",4.0000,8.0000,7.5000,3.5000,"true",2.0000,"true",2.5455,1.0000,"false","5","true",-2.0000,3.0000,0.4375,76.0000,12.0000,0.2500,0.5000
"Fado Adiça",5.0000,8.0000,7.5000,3.5000,"true",2.0000,"true",2.5455,1.0000,"false","5","true",3.0000,-7.0000,0.0625,74.0000,10.0000,0.3750,0.5000
"Fado Adiça",6.0000,8.0000,7.5000,3.5000,"true",2.0000,"true",2.5455,1.0000,"false","5","true",-2.0000,3.0000,0.4375,76.0000,12.0000,0.2500,0.5000
"Fado Adiça",7.0000,7.0000,6.5000,3.5000,"true",2.0000,"true",2.6667,0.0000,"false","1","true",1.0000,5.0000,0.2143,74.0000,7.0000,0.2857,2.0000
"Fado Alberto",0.0000,11.0000,7.5000,3.5000,"true",2.5000,"true",5.0000,0.5000,"true","2","false",-1.0000,2.0000,0.1364,68.0000,3.0000,0.7273,0.5000
"Fado Alberto",1.0000,11.0000,7.5000,3.5000,"true",2.5000,"true",5.0000,0.5000,"true","♭3","true",-2.0000,1.0000,0.1364,70.0000,3.0000,0.7273,0.5000
"Fado Alberto",2.0000,13.0000,7.5000,3.5000,"true",2.5000,"true",6.0000,0.5000,"true","4","false",-2.0000,-2.0000,0.1154,77.0000,8.0000,0.3846,0.5000
"Fado Alberto",3.0000,13.0000,7.5000,3.5000,"true",2.5000,"true",6.0000,0.5000,"true","♭3","true",-2.0000,-2.0000,0.4231,77.0000,9.0000,0.3846,0.5000
"Fado Alberto",4.0000,11.0000,7.5000,3.5000,"true",2.5000,"true",5.0000,0.5000,"true","2","false",-1.0000,-1.0000,0.1364,73.0000,6.0000,0.4545,0.5000
"Fado Alberto",5.0000,10.0000,5.5000,3.5000,"true",1.0000,"true",2.0000,0.0000,"false","1","true",1.0000,-3.0000,0.4500,73.0000,9.0000,0.2000,3.0000
"Coimbra (Raul Ferrão)",0.0000,21.0000,31.0000,3.0000,"true",5.0000,"true",3.8462,1.0000,"false","4","false",3.0000,-2.0000,0.0714,76.0000,10.0000,0.1905,1.0000
"Coimbra (Raul Ferrão)",1.0000,21.0000,31.0000,3.0000,"true",5.0000,"true",3.8462,1.0000,"false","♭3","true",-2.0000,-4.0000,0.0714,75.0000,9.0000,0.2857,1.0000
"Coimbra (Raul Ferrão)",2.0000,10.0000,19.0000,3.0000,"true",6.0000,"true",4.1538,0.0000,"false","1","true",-2.0000,5.0000,0.7500,79.0000,10.0000,0.3000,1.0000
"Coimbra (Raul Ferrão)",3.0000,32.0000,55.0000,3.0000,"true",6.0000,"false",3.7959,0.0000,"false","1","true",-2.0000,3.0000,0.5469,80.0000,17.0000,0.1875,0.0000
"Coimbra, as sung",0.0000,13.0000,15.0000,3.0000,"true",2.0000,"true",1.8462,0.0000,"false","6","false",-1.0000,2.0000,0.1154,76.0000,5.0000,0.3077,1.0000
"Coimbra, as sung",1.0000,9.0000,13.0000,3.0000,"true",3.0000,"true",2.4000,1.0000,"false","4","false",3.0000,0.0000,0.1667,72.0000,6.0000,0.4444,3.0000
"Coimbra, as sung",2.0000,6.0000,7.0000,3.0000,"true",2.0000,"true",2.0000,0.0000,"false","♭6","false",1.0000,1.0000,0.2500,75.0000,4.0000,0.5000,1.0000
"Coimbra, as sung",3.0000,6.0000,7.0000,3.0000,"true",2.0000,"true",2.0000,0.0000,"false","4","false",-2.0000,-3.0000,0.0833,72.0000,3.0000,0.6667,1.0000
"Coimbra, as sung",4.0000,13.0000,13.0000,3.0000,"true",2.0000,"true",2.1818,2.0000,"false","♭3","true",-2.0000,-2.0000,0.5000,71.0000,5.0000,0.3846,3.0000
"Coimbra, as sung",5.0000,8.0000,7.0000,3.0000,"true",1.5000,"false",1.9091,0.5000,"true","7","false",0.0000,4.0000,0.5625,78.0000,7.0000,0.5000,1.5000
"Coimbra, as sung",6.0000,7.0000,6.5000,3.5000,"true",2.0000,"true",2.6667,0.0000,"false","6","false",-3.0000,2.0000,0.7857,76.0000,5.0000,0.5714,1.0000
"Coimbra, as sung",7.0000,11.0000,12.0000,3.0000,"true",2.0000,"true",2.0000,1.0000,"false","4","false",3.0000,0.0000,0.1364,72.0000,6.0000,0.4545,4.0000
"Coimbra, as sung",8.0000,7.0000,7.0000,3.0000,"true",0.5000,"false",0.4615,1.5000,"true","♭6","false",0.0000,1.0000,0.2143,75.0000,4.0000,0.5714,1.0000
"Coimbra, as sung",9.0000,7.0000,7.0000,3.0000,"true",0.5000,"false",0.4615,1.5000,"true","4","false",0.0000,-3.0000,0.0714,72.0000,3.0000,0.5714,1.5000
"Coimbra, as sung",10.0000,10.0000,10.5000,3.5000,"true",2.5000,"true",2.8125,3.5000,"true","1","true",-2.0000,7.0000,0.5500,79.0000,10.0000,0.3000,5.5000
"Coimbra, as sung",11.0000,9.0000,10.5000,3.5000,"true",1.0000,"false",0.8421,1.0000,"false","7","false",-8.0000,-8.0000,0.6111,73.0000,10.0000,0.3333,0.5000
"Coimbra, as sung",12.0000,3.0000,3.5000,2.5000,"true",2.5000,"true",5.0000,3.5000,"true","6","false",4.0000,7.0000,0.8333,73.0000,7.0000,0.3333,2.0000
"Coimbra, as sung",13.0000,15.0000,14.0000,0.0000,"false",1.0000,"false",1.0769,1.0000,"false","5","true",0.0000,0.0000,0.3667,80.0000,11.0000,0.3333,2.0000
"Coimbra, as sung",14.0000,11.0000,10.0000,0.0000,"false",1.0000,"false",1.1111,1.0000,"false","7","false",-8.0000,-10.0000,0.0455,73.0000,10.0000,0.3636,0.5000
"Coimbra, as sung",15.0000,3.0000,3.5000,2.5000,"true",2.0000,"true",2.6667,0.0000,"false","6","false",4.0000,7.0000,0.8333,73.0000,7.0000,0.3333,1.5000
"Coimbra, as sung",16.0000,10.0000,10.5000,3.5000,"true",2.0000,"true",2.1176,0.0000,"false","1","true",0.0000,7.0000,0.5500,80.0000,11.0000,0.2000,5.5000
"Fado do Marujo",0.0000,29.0000,15.5000,0.5000,"true",1.5000,"true",3.0000,0.5000,"true","1","true",-2.0000,5.0000,0.6379,73.0000,13.0000,0.2759,0.5000
"Fado do Marujo",1.0000,3.0000,1.5000,0.5000,"true",0.2500,"false",0.4000,1.7500,"true","2","false",2.0000,7.0000,0.8333,67.0000,7.0000,0.3333,0.5000
"Fado do Marujo",2.0000,57.0000,31.5000,0.5000,"true",2.0000,"true",3.7966,0.0000,"false","1","true",1.0000,-12.0000,0.7105,80.0000,16.0000,0.1930,0.5000
"Fado do Marujo",3.0000,4.0000,3.5000,0.5000,"true",2.0000,"true",4.0000,0.0000,"false","1","true",-2.0000,5.0000,0.6250,67.0000,7.0000,0.5000,0.0000
"Fado Pagem",0.0000,8.0000,6.0000,1.0000,"true",2.0000,"true",3.5000,1.0000,"false","♭6","false",-2.0000,1.0000,0.8125,77.0000,5.0000,0.6250,2.0000
"Fado Pagem",1.0000,8.0000,6.0000,1.0000,"true",2.0000,"true",3.5000,1.0000,"false","5","true",-1.0000,-1.0000,0.0625,75.0000,1.0000,0.7500,1.5000
"Fado Pagem",2.0000,8.0000,6.5000,0.5000,"true",2.5000,"true",4.3750,0.5000,"true","4","false",-2.0000,-2.0000,0.3125,75.0000,3.0000,0.6250,2.0000
"Fado Pagem",3.0000,8.0000,6.0000,1.0000,"true",2.0000,"true",3.5000,1.0000,"false","5","true",-1.0000,2.0000,0.6875,77.0000,5.0000,0.6250,2.0000
"Fado Pagem",4.0000,8.0000,6.0000,1.0000,"true",2.0000,"true",3.5000,1.0000,"false","♭6","false",-2.0000,1.0000,0.8125,77.0000,5.0000,0.6250,2.0000
"Fado Pagem",5.0000,8.0000,6.0000,1.0000,"true",2.0000,"true",3.5000,1.0000,"false","5","true",-1.0000,2.0000,0.6875,77.0000,8.0000,0.2500,2.0000
"Fado Pagem",6.0000,8.0000,6.0000,1.0000,"true",2.0000,"true",3.5000,1.0000,"false","4","false",-2.0000,-2.0000,0.1875,75.0000,3.0000,0.6250,1.5000
"Fado Pagem",7.0000,7.0000,5.5000,0.5000,"true",2.0000,"true",3.4286,0.0000,"false","1","true",1.0000,-2.0000,0.2143,72.0000,6.0000,0.2857,3.0000
"Fado Pagem",8.0000,8.0000,6.0000,1.0000,"true",2.0000,"true",3.5000,1.0000,"false","1","true",-2.0000,-7.0000,0.0625,74.0000,7.0000,0.3750,1.7500
"Fado Pagem",9.0000,7.0000,5.2500,0.7500,"true",2.2500,"true",4.5000,3.7500,"true","2","false",-1.0000,-5.0000,0.0714,74.0000,5.0000,0.7143,3.0000
"Fado Pagem",10.0000,8.0000,6.0000,1.0000,"true",2.0000,"true",3.5000,1.0000,"false","5","true",-3.0000,0.0000,0.3125,77.0000,3.0000,0.5000,1.7500
"Fado Pagem",11.0000,3.0000,1.2500,0.7500,"true",0.5000,"true",1.3333,1.5000,"true","5","true",0.0000,0.0000,0.1667,74.0000,0.0000,1.0000,0.5000
"Fado Pagem",12.0000,6.0000,4.5000,2.5000,"true",2.0000,"true",4.0000,1.0000,"false","♭3","true",-2.0000,1.0000,0.4167,74.0000,5.0000,0.3333,2.0000
"Fado Pagem",13.0000,8.0000,6.0000,1.0000,"true",2.0000,"true",3.5000,1.0000,"false","1","true",-2.0000,-7.0000,0.0625,74.0000,7.0000,0.3750,2.0000
"Fado Pagem",14.0000,8.0000,6.0000,1.0000,"true",2.0000,"true",3.5000,1.0000,"false","♭6","false",-2.0000,1.0000,0.3125,79.0000,5.0000,0.3750,2.0000
"Fado Pagem",15.0000,16.0000,8.0000,1.0000,"true",0.5000,"false",1.0000,0.5000,"true","2","false",0.0000,-3.0000,0.1563,77.0000,8.0000,0.3125,0.5000
"Fado Pagem",16.0000,8.0000,5.5000,1.5000,"true",2.0000,"true",4.0000,1.0000,"false","1","true",0.0000,-2.0000,0.3125,74.0000,8.0000,0.2500,2.0000
"Fado Pagem",17.0000,7.0000,5.0000,1.0000,"true",1.5000,"true",2.5714,0.5000,"true","4","false",-2.0000,-2.0000,0.2143,77.0000,5.0000,0.2857,2.5000
"Fado Pagem",18.0000,8.0000,5.5000,0.5000,"true",1.5000,"true",2.6250,0.5000,"true","♭3","true",-2.0000,-2.0000,0.3125,77.0000,7.0000,0.3750,0.5000
"Fado Pagem",19.0000,6.0000,3.0000,2.5000,"true",1.0000,"true",2.5000,0.5000,"true","♭3","true",-2.0000,-4.0000,0.2500,75.0000,5.0000,0.5000,1.0000
"Fado Pagem",20.0000,4.0000,3.5000,2.5000,"true",1.0000,"true",1.2000,1.0000,"false","2","false",-3.0000,-6.0000,0.1250,75.0000,6.0000,0.2500,3.0000
"Fado Pagem",21.0000,8.0000,5.0000,1.0000,"true",1.5000,"true",3.0000,0.5000,"true","1","true",0.0000,-2.0000,0.3125,74.0000,8.0000,0.2500,0.0000
