k,Fado Adiça,Fado Alberto,Coimbra (Raul Ferrão),Coimbra, as sung,Fado do Marujo,Fado Pagem,corpusP10,corpusP50,corpusP90,corpusN
"verseNotes",7.8750,11.1667,21.0000,8.7059,23.2500,7.6364,9.0000,16.0000,32.0000,2777.0000
"verseFinal",2.7992,4.6667,3.9105,1.9738,2.7992,3.1606,1.1742,1.8359,2.6242,2777.0000
"verseEndStep",0.2500,0.8333,0.7500,0.2353,0.5000,0.6818,0.0000,0.5000,1.0000,2777.0000
"verseTonic",0.0000,0.0000,0.3333,0.0625,0.6667,0.1905,0.0000,0.2000,0.6667,1784.0000
"verseAnticip",0.0000,0.8333,0.0000,0.1765,0.2500,0.2727,0.0000,0.0000,0.0000,2777.0000
"quickRuns",0.0000,0.1616,0.0000,0.0000,0.0000,0.0000,0.0000,0.0000,0.2581,5727.0000
"quickRunMax",0.0000,4.0000,0.0000,0.0000,0.0000,0.0000,0.0000,0.0000,6.0000,5727.0000
"runsIntoLong",,1.0000,,,,,0.0000,0.0000,0.0000,1435.0000
"repeats",0.0820,0.4091,0.2750,0.3609,0.1630,0.2617,0.0404,0.1563,0.3571,5727.0000
"syncBar",0.1846,0.4848,0.0000,0.5596,0.4860,0.4331,0.0000,0.0000,0.0625,5727.0000
"longOnBeat",0.8929,0.6842,1.0000,0.7191,0.2353,0.6744,0.9167,1.0000,1.0000,5228.0000
"restShare",0.1077,0.1111,0.0216,0.1839,0.0280,0.2452,0.0000,0.0000,0.0714,5727.0000
"density",0.9846,1.3737,0.6043,0.7720,1.7383,1.0701,0.9375,1.5914,2.2592,5727.0000
"stepDown",0.6667,0.7037,0.7647,0.6667,0.7442,0.7284,0.3913,0.5714,0.7895,5691.0000
"range",13.0000,13.0000,17.0000,17.0000,20.0000,13.0000,9.0000,14.0000,19.0000,5727.0000
"finalLength",0.9397,0.4857,1.0291,1.1484,1.6044,2.4803,0.7669,1.0406,1.8125,5727.0000
"arch",0.1250,1.0000,0.1250,0.1250,0.2857,0.3000,0.0000,0.2500,0.6667,5727.0000
"inertia",1.0000,0.4375,0.7143,0.3333,0.7917,0.5476,0.4203,0.6923,0.9000,5188.0000
"recovery",0.0000,0.0000,0.6250,0.3333,0.0833,0.6667,0.0000,0.2000,0.5714,5177.0000
"leapChain",0.0000,0.0308,0.0658,0.0847,0.0110,0.0077,0.0000,0.0000,0.0100,5727.0000
