id,tema,achado,decisao,fonte,url,tipo_de_evidencia
Q01,leitura no telemóvel,"As câmaras do iPhone e do Android abrem ligações https; esquemas próprios (app://, data:) falham ou dependem do telemóvel («No usable data found» no iPhone; «Open link» falha no Android sem a app registada).","O QR traz um endereço https da página, que toca a música no navegador, sem app.",GitHub issues: block/buzz #7643; OpenAgentsInc/openagents #9992; opengisch/QField #8085,https://github.com/OpenAgentsInc/openagents/issues/9992,relatos de programadores
Q02,leitura no telemóvel,O Safari do iOS bloqueia endereços http lidos de um QR: o destino tem de ser https.,A página publicada (GitHub Pages) é https; o endereço pode ser mudado ao lado da opção QR.,"QR Code Not Working on iPhone? (qrcodenova, 2026)",https://qrcodenova.com/en/blog/qr-code-not-working-iphone,guia técnico
Q03,ligação,O fragmento (depois de #) nunca é enviado ao servidor (RFC 3986): é lido só no navegador.,A música vai no fragmento: nada sai do telemóvel e o servidor não limita o comprimento.,"RFC 3986; Wikipedia, URI fragment",https://en.wikipedia.org/wiki/URI_fragment,norma
Q04,capacidade,"Versão 40, correção L: 7089 dígitos, 4296 alfanuméricos ou 2953 bytes.","Limite do QR: cerca de 2,9 kB de MIDI comprimido.","Wikipedia, QR code; QR Code Storage Limits (qr-code-generator.com)",https://www.qr-code-generator.com/blog/qr-code-data-capacity/,norma (ISO/IEC 18004)
Q05,modos,"Modo numérico: 10 bits por 3 dígitos (3,33 bits/dígito); alfanumérico: 11 bits por 2 (5,5); byte: 8 bits por carácter.","Bytes escritos como dígitos aproveitam 99 % do modo numérico, contra 75 % do Base64 em modo byte.","QRCodeFYI, Encoding Modes; generateonlineqr, QR Code Encoding Modes",https://qrcodefyi.com/guide/encoding-modes-explained/,guia técnico
Q06,modos,"Base45 (RFC 9285) põe 2 bytes em 3 caracteres do modo alfanumérico (16 bits em 16,5), e foi usado no certificado digital COVID da UE.","Não usado: o alfabeto tem espaço, % e +, que num endereço têm de ser escapados, e obriga a escrever o endereço em maiúsculas; os dígitos rendem o mesmo (97–99 %) sem escapes.",IETF RFC 9285,https://datatracker.ietf.org/doc/html/rfc9285,norma
Q07,modos,Um QR pode misturar segmentos de modos diferentes; a segmentação ótima minimiza os bits.,Dois segmentos: o endereço em modo byte e a música em modo numérico.,"Nayuki, Optimal text segmentation for QR Codes; QR Code generator library",https://www.nayuki.io/page/optimal-text-segmentation-for-qr-codes,referência técnica
Q08,áudio no QR,"Um QR com menos de 3 kB não guarda áudio que se ouça (menos de 1 s de MP3); há projetos de MIDI dentro do QR, mas exigem uma app própria para o ler e tocar.","MIDI é o formato certo (notas, não som), mas precisa de quem o toque: a página web.","Quora, embed an MP3 in a QR code; objectivelyclub/victoria (MIDI over QR code)",https://github.com/objectivelyclub/victoria,projeto / discussão
Q09,áudio no QR,Os «QR de áudio» comerciais guardam o ficheiro num servidor e o QR aponta para a página que o toca.,Mesmo resultado sem servidor: a página é estática e a música vai no próprio endereço.,"QR Code Generator, MP3 QR codes; QRCode Tiger, Audio QR code",https://www.qr-code-generator.com/solutions/mp3-qr-code/,serviço comercial
Q10,compressão,"CompressionStream/DecompressionStream com deflate-raw existem em todos os navegadores atuais (Chrome 103, Firefox 113, Safari 16.4).","O MIDI é comprimido com DEFLATE no navegador, sem biblioteca; sem a API vai sem compressão.","web.dev, Compression Streams are now supported on all browsers; caniuse",https://web.dev/blog/compressionstreams,documentação
Q11,impressão,A câmara precisa de cerca de 4 píxeis por módulo; QR maiores (mais módulos) precisam de ser impressos maiores; 1–2 mm por módulo para o público em geral.,"Módulos de 0,55 mm no máximo e símbolo de 60 mm no máximo (versão 40: 0,32 mm, que se lê a 10–15 cm de uma impressão laser). Denso, como pedido, mas legível de perto.","QR Code Size Guide (qrcodedynamic, useqrkit, qr-insights 2026)",https://useqrkit.com/qr-code-size,guia técnico
Q12,PDF,"Um PDF pode levar ficheiros dentro: um fluxo /EmbeddedFile, uma especificação /Filespec e a árvore de nomes /EmbeddedFiles; o PDF/A-3 acrescenta /AF e /AFRelationship (Source, Data…).","O MIDI vai anexado ao PDF (/AFRelationship /Source), visível no painel de anexos do leitor, e a página lê-o de volta.","PDF Association, Files inside PDF; Library of Congress, PDF/A-3",https://pdfa.org/files-inside-pdf/,"norma (ISO 32000, ISO 19005-3)"
Q13,PDF,"Passar uma partitura em PDF de volta a música (reconhecimento ótico, OMR) é sempre aproximado e precisa de correções à mão.","A volta é exata porque o próprio ficheiro vai dentro do PDF: não se lê a partitura, lê-se o anexo.","MuseScore, Import PDF / PDF to MIDI",https://musescore.org/en/node/12750,documentação / fórum
Q14,medição,"Nesta página: solo de 8 compassos 395 bytes (QR versão 14); cânone a 2 vozes 544 bytes (versão 16); cânone de 3 vozes, 32 compassos 1404 bytes (versão 27); trio de 64 compassos 2047 bytes (versão 34). O MIDI leva também os dados da peça (genes e definições).","Cabe quase tudo num só QR; quando o cânone inteiro não cabe, vai só a melodia com os dados, e a página refaz as vozes.","teste no navegador (pdf.js + jsQR), results/qr.md",,medição própria
Q15,alojamento,"O GitHub serve os ficheiros «raw» como text/plain com nosniff, por isso o navegador não mostra o HTML; o raw.githack.com volta a servir os mesmos ficheiros de um repositório público com o Content-Type certo, sem configurar nada (rawcdn.githack.com: cache permanente, para versões fixas).",Alternativa ao GitHub Pages: o leitor do repositório servido pelo raw.githack.com (dá-se no campo do endereço). Por omissão o QR aponta para o GitHub Pages.,neoascetic/rawgithack (DeepWiki); comparação de alternativas (commareports 2026),https://deepwiki.com/neoascetic/rawgithack,documentação / serviço
Q16,alojamento,"O jsDelivr serve os ficheiros HTML do GitHub como text/plain, por segurança: não serve para abrir páginas.",Não usado.,jsdelivr/jsdelivr issue #18027,https://github.com/jsdelivr/jsdelivr/issues/18027,relato de programadores
Q17,sem servidor,"O Chrome bloqueia a navegação de topo para endereços data: (anti-phishing), e as câmaras não os abrem: um QR com a página inteira num data: URL não funciona.",A página tem de estar alojada; a música continua no fragmento.,"Chromium blink-dev, Intent to Deprecate and Remove: Top-frame navigations to data URLs",https://groups.google.com/a/chromium.org/g/blink-dev/c/GbVcuwg_QjM,decisão do navegador
Q18,tocar MIDI,"O Android toca ficheiros MIDI de origem (sintetizador Sonivox EAS); o iPhone precisa de uma app (por exemplo NS MIDI Player), e o Safari não toca MIDI.",Leitor no navegador (WebAudio) para todos; botão para descarregar o .mid como alternativa.,"umito, The state of MIDI support on Android; NS MIDI Player (App Store)",https://blog.umito.nl/2010/05/07/midi-on-android.html,documentação / app
Q19,diagnóstico,O repositório é público mas não tem o GitHub Pages ativo (has_pages: false): o endereço github.io do QR dava 404 no telemóvel.,"Leitor leve (tocar.html, 200 kB) em vez da aplicação inteira (1,7 MB), servido sem o GitHub Pages. Depois de ativado o GitHub Pages (raiz do main), o QR aponta para o leitor publicado lá.",API do GitHub (search_repositories),https://github.com/tinocolight/MusicGeneratiorWithIAGenetic,medição própria
